term,classe_lexical_sugerida,nome_classe,transversal,dependencia_contextual,exemplo_uso,anotador1_classe,anotador1_dependencia,anotador2_classe,anotador2_dependencia,anotador3_classe,anotador3_dependencia,comentarios
canalha,1,Descrédito,,médio,BACHELETA DA TRETA E MUTRETA CHILENA..CANALHA SAPATONA.. BICHELETA..,,,,,,,
comunista,1,Descrédito,T2,médio,Comunista safada...,,,,,,,
ladrão,,,,médio,"Corrupta, formiga e ladrão tem em todo lugar, até na ONU.",,,,,,,
feminista,1,Descrédito,,médio,PAI DA FEMINISTA SAIU PRA COMPRAR CIGARRO NO 2º GOL DO ZIDANE EM 1.998 E NUNCA MAIS VOLTOU #JoaquinResponde https://t.co/EzreOGNSJa,,,,,,,
bandido,4,Ameaças de Violência,,médio,Porque é bandido da organização criminosa do luladrao. Não aceita nosso presidente Bolsonaro. E melhor aceita que dói menos😂,,,,,,,
safar,4,Ameaças de Violência,,baixo,"[label=0] migué, pra malandro se safar.",,,,,,,
congresso,1,Descrédito,T2,médio,"O Brasil está se tornando uma ditadura dos corruptos ! Estamos assistindo o congresso desrespeitar o executivo, o STF fazendo barbaridades pra soltar bandidos!! De quem é a culpa ? A culpa é de todos…",,,,,,,
pastor,,,,médio,Esse pastor é um RATO!,,,,,,,
esquerdista,1,Descrédito,T2,médio,"Esquerdista agora fala em democracia porque levou uma surra no voto, assim como vagabundo jura por Deus depois de um tapa na lateral.🤣",,,,,,,
absurdo,1,Descrédito,,médio,"Que absurdo, STF não tem o que fazer ao não ser defender bandidos 😒",,,,,,,
partido,1,Descrédito,T2,médio,"O Lula deu um pé na bunda de um.monte de mulheres no governo dele pra acomodar vários homens velhos, indicou 2 ministros homens para o STF e ela falando em igualdade kkk isso que os eleitores do PT nã…",,,,,,,
terrorista,1,Descrédito,T2,médio,Terrorista FDP,,,,,,,
sapatão,3,Assédio Sexual,,médio,é tanta caloura sapatão que vai ter apresentações de voz e violão na cantina durante os intervalos,,,,,,,
bando,4,Ameaças de Violência,,médio,"Pior do que ele falando esse monte de asneira, é um bando de asno no meio da chuva, na estrada e com um frio da porra pra ouvir essas idiotices e bater palma! 😒😒😒",,,,,,,
imbecil,1,Descrédito,,médio,essa imbecil falando e o cachorro cagando e a mesma coisa,,,,,,,
defender,1,Descrédito,T2,alto,Absurdooooo!!! Não sei onde vamos parar!! Tem que ter uma solução pra essa pouca vergonha chamada CONGRESSO NACIONAL que deveria defender os interesses do povo mas não fazem outra coisa a não ser defe…,,,,,,,
mentiroso,1,Descrédito,,médio,"Ridículo e mentiroso. Nojento, abjeto. 🤮🤮🤮🤮🤮 #impeachmentdobolsonaro",,,,,,,
corrupto,1,Descrédito,,médio,Infelizmente quem vai contra o sistema corrupto criado por Lula e PT saem perdendo sempre.,,,,,,,
covarde,1,Descrédito,,médio,"Tenho engulhos desse covarde,canalha que escreveu isso sobre essa Ministra tão querida e Amanda!ele devia ser entregue a nós mulheres, nós íamos fazer uma massagem daquelas nele😂💪",,,,,,,
vagabunda,3,Assédio Sexual,,médio,Vagabunda. Comunista. Mentirosa. O povo chileno nao merece uma desgraça desta.,,,,,,,
news,,,,médio,NAO TEM CADEIA NEN PRA VAGABUNDOS VAI TER PRA QUEM FAS FAKE NEWS ESSES CARAS ESTA DOIDOS.,,,,,,,
ditadura,1,Descrédito,T2,alto,"O Brasil está se tornando uma ditadura dos corruptos ! Estamos assistindo o congresso desrespeitar o executivo, o STF fazendo barbaridades pra soltar bandidos!! De quem é a culpa ? A culpa é de todos…",,,,,,,
demônio,,,,baixo,Esse demônio só fala merda!,,,,,,,
argentina,,,,médio,"Isso é caso de polícia, de FBI ,de CIA para esta vigarista ladra igual a DILMA e a CRISTINA KIRCHNER da ARGENTINA.CRIME ORGANIZADO.",,,,,,,
podre,1,Descrédito,,médio,Simples... São canalhas que amam o dinheiro do povo. 👊🏾 🇧🇷 Acabou pra eles aí ficam nesta choradeira de 🚮. Esgoto... Lama podre. Isso eh o comunismo. Povo na merda é eles de boa. Canalhas! 👊🏾,,,,,,,
eleição,1,Descrédito,T2,alto,"Ainda tem “especialista” da @globonews dizendo que @manueladavila pode torcer pela eleição de Cristina kirchner e Alberto Fernández, o Bolsonada pode ameaçar os eleitores livres da Argentina. Vergonha…",,,,,,,
satanás,,,,baixo,"Vejam que as décadas de empenho da Rede Globo de Televisão, em destruir as famílias tradicionais brasileiras. Tem afetado também os próprios promotores desta destruição, que lutam. Por um Brasil 100%…",,,,,,,
corrupção,1,Descrédito,T2,alto,"Cada coisa que aparece!!! Internacionarizaram a propina e a corrupção!!! Agora tem pena do Brasil, tem que ter pena dela mesmo, afinal ficou sem os recursos ilícitos!!!",,,,,,,
limite,,,,alto,"OQ VCS DEPUTADOS E SENADORES ESTÃO ESPERANDO P ACABAR C ESTS PALHAÇADA,ELES JAH PASSARAM DO LIMITE DA ORDEM,VÃO SOLTAR O BANDIDO E VAI HAVER MANIFESTOS GRAVES DA SOCIEDADE EM PROTESTO AOS MANDOS E DES…",,,,,,,
esquerda,1,Descrédito,T2,médio,Plano da esquerda foi é e será sempre críticar não nunca teve um plano de governo único plano era como roubar .,,,,,,,
diabo,,,,médio,Oh diabo doido!,,,,,,,
cadeia,,,,médio,Quem quer saber oq vc pensa comunista corrupta vc deveria estar na cadeia !,,,,,,,
lei,,,,alto,"Se essa lei for seria, a #globolixo que se cuide ...",,,,,,,
comunismo,1,Descrédito,,médio,Simples... São canalhas que amam o dinheiro do povo. 👊🏾 🇧🇷 Acabou pra eles aí ficam nesta choradeira de 🚮. Esgoto... Lama podre. Isso eh o comunismo. Povo na merda é eles de boa. Canalhas! 👊🏾,,,,,,,
trabalhador,1,Descrédito,T2,médio,PODE BOTAR TUDO SUE BC TIRA DO TRABALHADOR NO CU DA SUA MAE SEU FULEIRO ASSASSINO DE MARIELLE,,,,,,,
criatura,2,Estereotipização,,médio,"Esse elemento não fala uma frase sem insultar, desprezar e desmerecer algo ou alguma coisa. Que tipo de mulher criou essa criatura.",,,,,,,
população,1,Descrédito,T2,alto,Que bom que ela tem pena do Brasil 🇧🇷 assim ela já pode dividir com a população brasileira a propina que recebeu da OAS.,,,,,,,
nojo,,,,médio,Nojo dessa pilantra,,,,,,,
emirado,,,,alto,Cadê a caridade muçulmana? Emirados Árabes não recebem refugiados?,,,,,,,
atacar,4,Ameaças de Violência,,médio,É isso família Bolsonaro. Aposto que foi farinha do msm saco do macron que ateou fogo na Amazônia pra atacar o governo. Vamos nos preparar pois bendita será a nação que teme ao Senhor. Macron que va s…,,,,,,,
eleger,,,,alto,Quem manda eleger esses merdas!!,,,,,,,
urgente,1,Descrédito,T2,alto,Estão loucos....Revisão do Código Penal URGENTE,,,,,,,
eua,,,,alto,"O gigante adormecido criminosamente pelos petistas, e facistas comunistas, está acordando para tornar o Brasil a quarta potencia mundial. EUA, CHINA, RUSSIA E BRASIL. O PROTETOR DA AMERICA LATINA CONT…",,,,,,,
pilantra,3,Assédio Sexual,,médio,Essa mulher é doente.pilantra!,,,,,,,
machista,1,Descrédito,,médio,"De o nome desse imbecil, machista ,nojento, babaca 🤮🤮🤮, Sra MINISTRA, para q todas nós mulheres possa encher a caixa de mensagem dele de "" boas postagem"""" esse jornalista idiota merece conhecer a forç…",,,,,,,
venezuela,1,Descrédito,T2,médio,"Porque Bachelet faz parte da esquerda Hipócrita da América latina. Pergunte se ela tem pena de Cuba, Nicarágua ou da Venezuela. #MicheleBacheletHipócrita",,,,,,,
processar,,,,médio,Que absurdo estamos vivendo no Brasil! Eu pergunto: não dá para processar esses idiotas por ofensa a moral de uma Ministra? Esperimenta xingar um funcionário público de qualquer porcaria de repartição…,,,,,,,
rabo,7,Objetificação Sexual,,alto,Tudo igual. Só pensam no próprio rabo,,,,,,,
sujo,,,,médio,Ela que legue a pena dela e faça um travesseiro pra ver se consegue dormir depois de ter aceitado dinheiro sujo.,,,,,,,
nojentar,,,,médio,,,,,,,,
lula,,,,alto,E nós sentimos ranço dela! Ela pode guardar a pena dela pra ela na mesma conta que o Lula mandou o dinheiro.,,,,,,,
quadrilha,,,,médio,"Maldita, quadrilha do PT é grande viu💩💩💩",,,,,,,
dúvida,,,,alto,"Alguém ainda dúvida q vivemos uma ditadura do Congresso, Senado e Supremo? Desse jeito vai cobtinyar ""tudo como Dantes no quartel de Abrantes!"" E o Exército se fingindo de morto!😐",,,,,,,
luladr,,,,baixo,CLARO QUE TEM PENA PORQUE ELA JUNTO COM O LULADRÃO SUGARAM O POVO DEVERIA TER VERGONHA NA CARA E DEVOLVER O DINHEIRO QUE LEVOU,,,,,,,
lamentável,1,Descrédito,,médio,Que vergonha!! STF trabalham em função da corrupção e bandidagem lamentável! 👎🏼👎🏼👎🏼,,,,,,,
derrubar,4,Ameaças de Violência,,alto,Essa gentalha tirando uma de vítima. Vão derrubar Já já. Coitados. Deus é Deus!,,,,,,,
marco,,,,alto,Marco Enrustiano.,,,,,,,
militante,1,Descrédito,T2,alto,Cuidado ao defender uma militante de esquerda. Ela se apegou a uma causa que nao tem soluçao. Há muito por tras da farça que ela se expõe.,,,,,,,
vagabundo,3,Assédio Sexual,,médio,"Esquerdista agora fala em democracia porque levou uma surra no voto, assim como vagabundo jura por Deus depois de um tapa na lateral.🤣",,,,,,,
marionete,,,,baixo,Vcs sabem quem está financiando a marionete??,,,,,,,
genocida,1,Descrédito,,médio,"Pois é @carla.zambelli esta senhora pena do Brasil .... ela tem é sangue nas mãos de uma nação pois dinheiro de corrupção mata cidadão de bem dinheiro este que é desviado de segurança, saúde e educaçã…",,,,,,,
baderna,,,,baixo,"A população do bem sempre vai prevalecer a esses PETRalhas,se forem fazer baderna vamos responder à altura",,,,,,,
parasita,,,,médio,"Meliante de quinta categoria, mentiroso, falso, facínora, tosco, vulgar, parasita da sociedade, pária do congresso, rêmora oportunista oca, hipócrita e podre obcecado pelo poder.",,,,,,,
objetivo,,,,alto,"Mas, o que esperar de um congresso quase todo CORROMPIDO? Um reino, uma associação,cooperativa, Senado Federal,Suprema Corte ou até mesmo a Câmara Federal, jamais subsistirá se não estiverem focados n…",,,,,,,
caro,,,,alto,Veta tudo pois no abuso de autoridade eles TB vão derrubar eu sou a favor do ART 142 fecha esta merda cara e o STF caro também. Coloca uma base militar forte das três armas na cabeça do cachorro e vam…,,,,,,,
evangélico,1,Descrédito,T2,médio,Se diz evangélico.pior dos seres a pedra arremessada e igual bumerangue prezado divirta.se com seu veneno.,,,,,,,
hipócrita,1,Descrédito,,médio,"Eu tenho pena do Brasil, pois com o PT no poder todos os corruPTos do mundo tiraram vantagem das nossas riquezas. Inclusive essa hipócrita amiga da Dilma.🤔",,,,,,,
punir,4,Ameaças de Violência,,médio,Essa lei vai servir para punir a globolixo e a imprensa que propagam fake news o tempo todo!😠,,,,,,,
ataque,,,,alto,"Sugestão a Bolsonaro: convoque as Forças Armadas e faça uma invasão do bem na Amazônia. Expulse as ONGs que estejam ilegais. Grave as queimadas, os garimpos ilegais, os índios que fazem contrabando, a…",,,,,,,
máfia,,,,médio,Milícia é máfia,,,,,,,
priquito,3,Assédio Sexual,,médio,putinha da surra de priquito,,,,,,,
papagaio,,,,médio,Absurdo chamar essa Maria Ninguém de “pirralha”. Não se deve elogiar e dar mídia a um papagaio ambulante 🦜,,,,,,,
marte,,,,alto,'Emirados Árabes querem ir a Marte e construir uma 'Dubai' lá até 2117' -UOL Por que não usam essa grana para ajudar os refugiados irmãos?,,,,,,,
manifesto,1,Descrédito,T2,alto,"[label=0] Congratulo-me com a redução da #TSU. Não gosto do @govpt, mas se toma medidas com as quais concordo, manifesto o meu agrado. @antoniocostapm",,,,,,,
protegir,,,,médio,,,,,,,,
mentira,1,Descrédito,,alto,"Não podemos mais nem compartilhar?Como vamos saber o que é mentira ou verdade?Eu disser que a esposa do Macron é muito feia,eu@poço ser punida?é FAKE?",,,,,,,
fantoche,,,,baixo,"Parabéns presidente,essa pirralha o que está fazendo aqui? Vai cuida do seu País pirralha. Sabemos que você é só fantoche. @joicehasselmannoficial você é a canalhice de pessoa Deputada. Você não mim r…",,,,,,,
senar,,,,baixo,,,,,,,,
pena,,,,alto,"Quem tem pena é galinha, mas ela é uma VACA LOUCA.",,,,,,,
doutrinar,1,Descrédito,,médio,NAZISTA SAFADO FILHO DA PUTA! VAI DOUTRINAR CRIANÇA NA PUTA QUE TE PARIU,,,,,,,
ladra,3,Assédio Sexual,,médio,Porque ela é uma ladra morfética,,,,,,,
fronteira,,,,alto,RT @direitafalando: já tava na hora de acabar com esse ciência sem fronteira um bando de pobre indo viajar pra europa no mesmo avião que eu _,,,,,,,
arma,,,,alto,"Isso só serve de exemplo para a população aprender a votar, pois é a única arma que o povo tem contra estes vermes é o VOTO🇧🇷",,,,,,,
agenda,,,,alto,E a Amazônia professor? Não dá pra limpar a agenda pra focar nessa emergência? Faz alguma coisa útil. Nem tudo é voto. Onde vocês estão quando o país precisa de vocês ? @cirogomes dando palestra e ent…,,,,,,,
cultural,1,Descrédito,,alto,HOMEM QUE USA SAIA E MAQUIAGEM: APROPRIAÇÃO CULTURAL FEMININA MULHER QUE DEIXA O SUVACO PELUDO: APROPRIAÇÃO CULTU _ https://t.co/wosNyx4JLo,,,,,,,
crime,,,,alto,"Isso é caso de polícia, de FBI ,de CIA para esta vigarista ladra igual a DILMA e a CRISTINA KIRCHNER da ARGENTINA.CRIME ORGANIZADO.",,,,,,,
quão,,,,alto,"A cada ""feliz dia da mulher menos pra feminista"" eu vejo o quão burra é a sociedade",,,,,,,
justiça,1,Descrédito,T2,alto,"Pelo visto a justiça vai se ferrar com o volume de processos, as prisões vão entupir de gente. Tem que começar a prender o pessoal da Globo, folga, Uol, o globo, etc. Em dois tempos eles vão pressiona…",,,,,,,
lutar,4,Ameaças de Violência,,alto,"Agora vc me diz, esse velho filho da puta quer lutar pelo que? Se as coisas estão começando a andar.",,,,,,,
sérgio,,,,alto,Sérgio Moro..mande prender esse canalha ele está fazendo incitação a violência,,,,,,,
destruir,4,Ameaças de Violência,,médio,"Vejam que as décadas de empenho da Rede Globo de Televisão, em destruir as famílias tradicionais brasileiras. Tem afetado também os próprios promotores desta destruição, que lutam. Por um Brasil 100%…",,,,,,,
ditador,1,Descrédito,T2,médio,"Ela não teve pena do Brasil quando Cuba ininteruptamente tentou interferir na nossa democracia. Amiga de comunistas sujos. Amiga de Fidel Castro, um rato ditador e assassino que hoje ocupa um cargo na…",,,,,,,
enter,,,,médio,Congresso que não vale o que o gato enterra.,,,,,,,
meigo,,,,alto,Meigo! Comunistas coerentes como sempre... https://t.co/qAAU6L807q,,,,,,,
desinformar,4,Ameaças de Violência,,médio,"[label=0] @user Veja o exemplo de desinformação da imprensa brasileira #Canalha Menos imposto, aumenta o consumo e aumenta as vendas, todo saem ganhando. O Jornal O Globo 🌐 como todos os do seu grupo sempre ten…",,,,,,,
dissimular,,,,médio,,,,,,,,
roubar,4,Ameaças de Violência,,médio,Plano da esquerda foi é e será sempre críticar não nunca teve um plano de governo único plano era como roubar .,,,,,,,
razão,1,Descrédito,,alto,Nisso vc tem razão . Os filhos do presidente falam muita besteira desnecessária,,,,,,,
cansar,4,Ameaças de Violência,,médio,"Ele podia cansar de passar vergonha, está cavando cova pro governo.",,,,,,,
ateísta,1,Descrédito,,alto,jornalistazinho neo-ateísta militante que só sabe atacar o cristianismo!!! https://t.co/aqsKwu2cht,,,,,,,
bandir,,,,médio,,,,,,,,
deplorável,1,Descrédito,,médio,Que absurdo eu colocaria esse verme na cadeia para aprender respeitar pelos menos a mãe dele pq quando ele ataca uma mulher ataca a sua propria genitora que vergonha de um ser deplorável desse 😠😠😠😠😠😈😈…,,,,,,,
jênio,,,,alto,"Atenção: segundo esse 'jênio' a violência contra a mulher no Brasil se dá pelo fato do país ser de maioria cristã, _ https://t.co/i3Pa8oFnd3",,,,,,,
fogueira,,,,alto,Essa revista é de quinta categoria. Não serve nem pra fazer fogueira.,,,,,,,
watson,,,,médio,RT @maathbz: Feministas: Criticam decote da feminista Ema Watson pq a desvaloriza Acham que Ema Watson tem q se dar respeito feministas _,,,,,,,
sujeira,,,,médio,"É muita sujeira dessa gentalha ordinária, depois ficam falando de Deus... que Deus é esse???",,,,,,,
teresa,,,,médio,teresa: quero ir ao quintal toda a gente excepto eu: *ignores* teresa: é um sitio de fufas toda a gente: BORA!1!!!!,,,,,,,
condenação,1,Descrédito,T2,médio,Comenta sobre a condenação e a péssima gestao a frente da prefeitura. A derrota para o novato Joao Doria e depois para o ignorante xucro JB,,,,,,,
oas,,,,baixo,Devolve o dinheiro roubado via OAS...,,,,,,,
chile,,,,baixo,"Que mulher babaca! Vai cuidar do seu Chile, estúpida!",,,,,,,
racista,1,Descrédito,,alto,"Depois dessa vitória dá esquerda na Argentina o cocô do RACISTA até parou de sair todo dia, trancou o 👌🏽😂",,,,,,,
pia,,,,alto,"ela bebe fuma, bebe fuma, pia papagaio traz as vagabunda",,,,,,,
dubai,,,,alto,'Emirados Árabes querem ir a Marte e construir uma 'Dubai' lá até 2117' -UOL Por que não usam essa grana para ajudar os refugiados irmãos?,,,,,,,
imprensa,1,Descrédito,T2,alto,"Ainda tem “especialista” da @globonews dizendo que @manueladavila pode torcer pela eleição de Cristina kirchner e Alberto Fernández, o Bolsonada pode ameaçar os eleitores livres da Argentina. Vergonha…",,,,,,,
monstro,4,Ameaças de Violência,,médio,@fernandohaddadoficial a esquerda precisa se unir pra mudar o rumo dessa situação no país. .nosso país está sendo destruído por esse demente que se diz presidente. ...dor e desolação com essa destruiç…,,,,,,,
sra,,,,médio,Dispensamos sua pena sra Michele Bachelet.Temos misericórdia dos pobres de espírito que manipulam os pobres.,,,,,,,
entendi,,,,alto,"Eu tenho ranço desse estocador de cocô, mas entendi o que ele quis dizer em relação à Roraima. A população desse estado teve muitos problemas com os imigrantes venezuelanos. Agora ele errou ao dizer,…",,,,,,,
fundo,,,,alto,Estas pessoas que tratam esse verme Silvio Sanntos ccomo caduco no fundo pensam como ele.,,,,,,,
nordeste,,,,alto,A Globo é um.lixo hoje falou o tempo todo acusando o Bolsonaro..Cadê os 19 governadores da esquerda do Nordeste??,,,,,,,
protetor,,,,médio,"O gigante adormecido criminosamente pelos petistas, e facistas comunistas, está acordando para tornar o Brasil a quarta potencia mundial. EUA, CHINA, RUSSIA E BRASIL. O PROTETOR DA AMERICA LATINA CONT…",,,,,,,
esgoto,,,,médio,Simples... São canalhas que amam o dinheiro do povo. 👊🏾 🇧🇷 Acabou pra eles aí ficam nesta choradeira de 🚮. Esgoto... Lama podre. Isso eh o comunismo. Povo na merda é eles de boa. Canalhas! 👊🏾,,,,,,,
malafaia,,,,alto,"Tudo de mesma LAIA, farinhas do mesmo saco. Esse maracutaia, aaah não mala_ falha. OPS !! MALAFAIA TEM QUE IR PRO XILINDRO",,,,,,,
mulher,3,Assédio Sexual,,médio,Essa mulher é doente.pilantra!,,,,,,,
sociedade,1,Descrédito,,alto,Tu manuela é um resumo de tudo que não presta nesse mundo! Você presta um desserviço à sociedade brasileira. Pegue suas coisinhas é saia de mansinho. #avantebrasil,,,,,,,
sitio,,,,baixo,"O satanás encarnado quer ficar livre da condenação p sitio de Atibaia, para continuar infernizando a vida dos brasileiros de bem .",,,,,,,
contrariar,4,Ameaças de Violência,,alto,"[label=0] @CarlosMvrtins @Curate_Angola desculpa, eu gostava de conseguir respeitar a tua opinião mas não consigo. Se eles são felizes, pq contrariar?",,,,,,,
lenha,,,,médio,"Será,,Kkkk,,,,vcs mentem tanto mais tanto,,,,,parabéns Bolsonaro senta lenha",,,,,,,
incubar,,,,médio,,,,,,,,
facho,,,,médio,"@fjstex estás a insinuar que algarvios, alentejanos, comunas e fachos não passam de uma cambada de rabetas?!",,,,,,,
vigarista,1,Descrédito,T2,médio,"Pena do Brasil??? O qué será que pensa essa corrupta, tentando dar uma de pessoa íntegra, correta, quando não passa de uma vigarista! 😠🤔😠",,,,,,,
marxismo,1,Descrédito,,alto,"Bem vindos de volta ao 'PREC', na Nova. A arruaça esquerdalha e o marxismo cultural mandam e todos se encolhem? Vergonhoso! @fcshunl",,,,,,,
batom,,,,médio,Batom vermelho só é bonito em gente branca,,,,,,,
responsabilizar,,,,baixo,"Esses bostas da Globo, tentam a todo momento responsabilizar o atual governo, sobre tudo de ruim que acontece. Chega ser vergonhoso @jornaloglobo @globo_lixo2019 não percebem que o povo acordou e não…",,,,,,,
fuzilar,4,Ameaças de Violência,,médio,,,,,,,,
imoral,1,Descrédito,,médio,Deve ter pena dela quando descobrir os podre dela essa imoral,,,,,,,
crápula,1,Descrédito,,baixo,"🇧🇷Isso não é um jornalista, muito menos o homem, mas sim um Cafajeste, um crápula, um bicho ruim de chifre, rabo e garfo na pata, um ABUTRE com um microfone na mão. Acho que nem a mãe dele ele respeit…",,,,,,,
moralista,1,Descrédito,,baixo,"Que e esse imundo que se acha o moralista da conduta correta ? Deve ser um daqueles imorais , se achando gente do bem . No fundo tem medo de abrir a bíblia pq sabe o que faz da sua vida e pecaminoso .…",,,,,,,
ingênuo,1,Descrédito,,alto,[label=0] 😂😂😂😂povo ingênuo,,,,,,,
emitir,,,,alto,E O TRUMP HJ TB MANDOU UM RECADO PRA PIRRALHA . PENSO QUE POR MAIS BOA INTENCAO QUE TENHA ELA DEVA CONHECER IN LOCO AS COISAS PRA EMITIR OPINIAO.,,,,,,,
romance,,,,médio,"Já achava a "" Bela e a Fera"" ,ridícula mesmo. Disney sai do armário: ‘_A Bela e a Fera’_ terá romance gay... https://t.co/muCEEmLqxq",,,,,,,
basta,,,,alto,Outra esquerdista cara de pau! Não basta os do Brasil! 😡,,,,,,,
exercito,,,,baixo,"Grande bosta se seu pai fica demorando pra vetar o abuso de autoridade e pra mandar o exercito no congresso, grande bosta essas coisas",,,,,,,
pasto,,,,médio,"E esse tipo de pastor, tem que viver no pasto.",,,,,,,
cova,,,,baixo,Esses corruptos só vão parar quando começarem a morrer...um por um! Eles estão cavando a própria cova.,,,,,,,
serpente,1,Descrédito,T1,baixo,"@bolsonarosp o serpente do diabo ,da morte do noblat sempre fala no blog dele tic tac envolvendo vocês",,,,,,,
far,,,,alto,[label=0] quando uma army agradeceu o Yoongi falando que estava passando por uns problemas e que so far away conseguiu consolar e ajudar ela e o Yoongi ficou todo alegre. esse vídeo sempre me deixa tão feliz. @…,,,,,,,
sapatona,3,Assédio Sexual,,médio,BACHELETA DA TRETA E MUTRETA CHILENA..CANALHA SAPATONA.. BICHELETA..,,,,,,,
cafajeste,3,Assédio Sexual,,baixo,"As mulheres te respeitam Damaris! Continue firme com seus propósitos, não permite que um cafajeste, um troglodita te faça sentir mal! Ignore pessoas que não merecem sua compaixão.😘",,,,,,,
asno,,,,baixo,"Pior do que ele falando esse monte de asneira, é um bando de asno no meio da chuva, na estrada e com um frio da porra pra ouvir essas idiotices e bater palma! 😒😒😒",,,,,,,
decência,1,Descrédito,,médio,"Me solidarizo com a senhora ministra, esse ser que escreveu é completamente desprovido de ética, decência, indoli, moral, um lixo da sociedade e traz consigo a educação que recebeu da própria progenit…",,,,,,,
ess,,,,médio,Ess joice é traidora mesmo ganhou nas costa do presidente e agora traiu,,,,,,,
dino,,,,médio,"Eles não aprendem , Flávio dino foi bater papo traficante e ninguém perguntou como entrou e saiu aonde nem a polícia entra",,,,,,,
enganar,4,Ameaças de Violência,,médio,As viúvas do Partido das trevas PT estão em todos os lugares tentando enganar o povo desinformado e estimulan os analfabetos funcionais a acreditar que podem se dar bem sem fazer esforço nenhum para m…,,,,,,,
guerra,,,,alto,Seu doente! A invasão da Polônia marca o início da segunda guerra mundial onde milhões de pessoas foram mortas e torturadas.,,,,,,,
burra,1,Descrédito,,médio,"Os inteligente na pista kkkk o que mais que a galera sabe me contam eu não sabia dessa será que sou burra, a não eu não estava lá na guerra opis",,,,,,,
árabe,,,,alto,[label=0] @user @user a cultura árabe é semelhante a conservadora brasileira. sorte que o ocidente barrou esse comportamento.,,,,,,,
calar,4,Ameaças de Violência,,alto,"Velhinha safada senil, alguém faça a gentileza de calar esses canalhas, já não suporto mais nem ver a cara desses hipócritas, Bachelet, Macron, Maduro, os petralhas e por aí vai",,,,,,,
verdadeiro,1,Descrédito,,alto,"Sou baiano, já voltei na desgraça do PT e, graças a Deus fui libertado dessa praga. Bolsonaro é o verdadeiro presidente e o melhor do brasil. Chupa esquerdalhas! Lula e sua quadrilha tem que ser estir…",,,,,,,
forabolsonarar,,,,médio,,,,,,,,
inescrupuloso,1,Descrédito,,médio,"[label=0] RT @PastorMalafaia: FELIPE NETO é uma honra ser caluniado por um INESCRUPULOSO como você.Vou lhe dar a chance, na justiça, para você provar _",,,,,,,
desocupar,4,Ameaças de Violência,,médio,,,,,,,,
fdps,,,,médio,"Carta Capital!!!! É lixo!! Escrotos, Mal Amados, Vagabundos, Ordinários, Salafrários, Dementes, Demônios...e ficaria o dia todo escrevendo sobre vcs seus fdps #cartacapitallixo",,,,,,,
venezuelano,1,Descrédito,T2,médio,Penalizada tem que estar do povo Venezuelano e envergonhada por receber propina😱,,,,,,,
cachaceiro,3,Assédio Sexual,,médio,Porque é bandida igualmente a o presidiário cachaceiro do Lula,,,,,,,
bruto,,,,médio,"Porque apesar de ser bruto igual os pés da burra, quando era pequenininho aprendi que em mulher não se bate nem... https://t.co/x9SvwrUSLT",,,,,,,
plantão,,,,médio,"Então esses jornalecos de plantão deverão ser todps presos, pois só praticam fake news, contra o governo Federal, especialmente contra nosso Presidente..afff",,,,,,,
exercer,,,,médio,"Temos uma imprensa podre, jornalistas doentes mentais e sem capacidade de exercer e escrever artigos, uma vergonha, próprios jornalistas ficarem contra seu próprio país.",,,,,,,
zombar,4,Ameaças de Violência,,médio,"O problema nunca é a piada e sim se você é ou não esquerdista. Se for, pode zombar da PM que tá tudo lindo. Na hora _ https://t.co/ICdlGCEHob",,,,,,,
frágil,2,Estereotipização,,alto,Nesse dia das mulheres seria muito bom vocês pararem de retratar a mulher como louca/ciumenta/burra/frágil,,,,,,,
cavalheiro,,,,médio,RT @JOAQUINVOLTOU: VAGABUNDO CHEGA AGARRANDO AS MENINA SEJEM CAVALHEIROS: OLA TUDO BEM VOCÊ É LINDA SEUS LABIOS DEVEM TER GOSTO DE MÉL VAMO _,,,,,,,
vergonha,1,Descrédito,,médio,Essa nao tem vergonha na cara!!,,,,,,,
deputado,1,Descrédito,T2,alto,"OUTRO BANDIDO COMUNISTA Q VCS APOIARAM A REELEIÇÃO DO CHILENO CORRUPTO MESMO SABENDO Q ELE NO GOVERNO PASSADO ENGAVETOU AS 10 MEDIDAS DA LAVA JATO, COMO PODEM DEIXAR DE APOIAREM O MARCEL DEPUTADO BRIL…",,,,,,,
propina,,,,baixo,Demagoga se locupletando com dinheiro de propina,,,,,,,
corrupta,1,Descrédito,,baixo,Oportunista essa corrupta.Agora todos os Comunistas querem se fazer de vítimas.,,,,,,,
desmoralizar,4,Ameaças de Violência,,médio,Todo dia essa esquerda quer desmoralizar nosso governo. 🇧🇷💚🙏🇧🇷🙏🏿,,,,,,,
pirralho,3,Assédio Sexual,,baixo,É pirralho mesmo!,,,,,,,
canalhice,1,Descrédito,,médio,"Vergonha o que fazem esses pseudos ptistas e permanecem impunes, isso é por que eles têm o STF, a câmara e senado ao seu favor, chega de canalhice.",,,,,,,
saquear,4,Ameaças de Violência,,baixo,"Tem que prender os congressistas que saquearam o país e se escondem atrás das leis que os beneficiam, isso sim",,,,,,,
breno,,,,alto,"[label=0] breno quer que eu continue o tt, vsf breno",,,,,,,
investidor,,,,baixo,Muito mimimi bla bla bla.. essa PIRRALHA entende o que da vida. Ah.. va... @joicehasselmannoficial e o investidor que der ouvidos a uma pirralha dessas é pior que ela. Precisamos investigadores que se…,,,,,,,
mula,3,Assédio Sexual,,alto,"😂😂😂É porque a Pepa tem o mesmo espírito ruim do Mula! Deus não ajuda a ficar no alto,a ficar bem,tá sempre se l@scando!Minha mãe dizia: Quem muito quer nada tem! É o caso dela e do Mula! Beijão pra vc…",,,,,,,
traidor,,,,médio,João traidor do movimento!,,,,,,,
custa,,,,baixo,Ter pena de presidiário que custa mais que ESTUDANTE no Brasil? Não mesmo. Tenho pena dos inocentes que acabam nos _ https://t.co/50Ywy7Pio7,,,,,,,
vetar,,,,médio,"Grande bosta se seu pai fica demorando pra vetar o abuso de autoridade e pra mandar o exercito no congresso, grande bosta essas coisas",,,,,,,
acusar,4,Ameaças de Violência,,alto,Eles são assim...matam a pessoa e acusar a polícia de chegar atrasado .... quem cometeu o crime ela não quer nem saber né?,,,,,,,
revolução,1,Descrédito,,alto,"Jamais desistir! Este país é nosso. Este canalha convoca abertamente os marginais para apoiá-lo em uma revolução, quando diz que não suporta ver a polícia oprimir jovens que roubam celulares. Que tama…",,,,,,,
neto,,,,alto,"RT @JoaquimTexera: MEU NETO PEDIU PRA SER ""TRANS"" COMPREI UM CARRINHO DE MÃO, AGORA ELE É TRANSPORTADOR DE BRITA. DESLIGUEI DO @EncontroFa _",,,,,,,
queiroz,,,,alto,"A esquerda é teimosa, esquece esse lixo. Deixa ele falar, se ninguém ligar pra isso e ser um jeito de achar o Queiroz, logo logo ele cala a boca. Mas vcs ficam dando audiência pra essas idiotices.",,,,,,,
droga,,,,alto,Qual a droga que ele anda consumindo em? Pqp! 🤦,,,,,,,
atrapalhar,4,Ameaças de Violência,,alto,"OUTRO BANDIDO COMUNISTA Q VCS APOIARAM A REELEIÇÃO DO CHILENO CORRUPTO MESMO SABENDO Q ELE NO GOVERNO PASSADO ENGAVETOU AS 10 MEDIDAS DA LAVA JATO, COMO PODEM DEIXAR DE APOIAREM O MARCEL DEPUTADO BRIL…",,,,,,,
suportar,4,Ameaças de Violência,,alto,Até quando vamos suportar estes INSANOS ?? MINIONS DESGRAÇADOSSSSS ! SERA QUE 33 MILHOES QUE NAO FORAM VOTAR VAO FICAR COM A BUNDA NO SOFA NOVAMENTE ?? ELES NÃO SAO MAIORIA PELO AMOR DE DEUS ! OU JUNT…,,,,,,,
fruto,,,,alto,"Quando ouvimos uma sujeita dessas 💩 falando assim é sinal que estamos no caminho certo. Ela gostava do Brasil quando recebia mesada, dinheiro fruto de roubo.",,,,,,,
bloquear,4,Ameaças de Violência,,alto,"Só não entendo porque têm tto robô que defendem esse desgoverno atual na tua página,será que é para testar tua paciência ou porque não são alfabetizados.?? Têm que bloquear esses eleitores acéfalos qu…",,,,,,,
patriota,1,Descrédito,T2,alto,"No Brasil ñ pensou, e sim na sua pessoa. Patriota de bosta",,,,,,,
câmara,,,,alto,"O Brasil está se tornando uma ditadura dos corruptos ! Estamos assistindo o congresso desrespeitar o executivo, o STF fazendo barbaridades pra soltar bandidos!! De quem é a culpa ? A culpa é de todos…",,,,,,,
maconheiro,,,,alto,"@BolsonaroSP puta playboy maconheiro, ganhou filme exaltando ele feito com nosso dinheiro ainda",,,,,,,
impeachment,1,Descrédito,T2,alto,Que dia é o impeachment desse senhor mesmo? Já deu 💩💩💩💩💩💩💩💩💩💩💩💩💩💩,,,,,,,
deputada,1,Descrédito,T2,alto,"Deputada com certeza a sua massa cinzenta não foi feita para separar o par de orelhas. Está na constituição sim, manifestações são livres e podem sim serem feitas e em locais públicos, independente de…",,,,,,,
obama,,,,alto,#Extra #DonaldTRUMP revogou a ordem de #Obama e retirou os banheiros transgêneros das escola. parabéns... https://t.co/pDNr2gXXeu,,,,,,,
isenção,,,,alto,Porra....sem essa de devolver isenção pro pastores mercenari0s....não dá pra engolir isso.,,,,,,,
verme,,,,médio,"Vou ver não, seu verme.",,,,,,,
mente,2,Estereotipização,,alto,Se prender a turma do lula que passa o dia soltando mentiras. Como o caso do @brasil_247 que só mente,,,,,,,
adiantar,4,Ameaças de Violência,,alto,"Vai adiantar o que ?? Se condenado, continuará livre, pode recorrer a vida inteira 😏Esse STF é um lixo .. Uma vergonha",,,,,,,
infeliz,1,Descrédito,,médio,"Falta de RESPEITO ao extremo desse infeliz repórter, JUSTIÇA nesse IMBECIL",,,,,,,
figura,,,,alto,"Muito triste ver uma pessoa,que desempenha seu trabalho com garra ,coragem e muito profissionalismo,ser atacada dessa maneira!Será que,essa figura torpe,que se diz jornalista,não pensou que atacando u…",,,,,,,
cretino,1,Descrédito,,médio,Isso é mais do que constrangimento! Cretino,,,,,,,
cela,,,,médio,Esses fdp que tinham que ficar em cela com esses criminosos que não vem uma mulher há tempos !!,,,,,,,
dir,,,,alto,[label=0] RT @newdoppelganger: @Estadao que legal esse proselitismo barato sobre muçulmanas. Vamos falar sobre mutilação vaginal também? Falta de dir _,,,,,,,
proteger,4,Ameaças de Violência,,alto,"Qual o medo de ser julgado? O bandido quer usar o STF para proteger ele mas não deu. O maduro do Brasil (Lula), tem que ser impedido, pq se voltar ao poder com dinheiro roubado, Brasil já era.",,,,,,,
inimigo,4,Ameaças de Violência,,alto,"Nunca deveriam ter soltado esse marginal , inimigo da pátria",,,,,,,
destruição,,,,alto,"Pois é @carla.zambelli esta senhora pena do Brasil .... ela tem é sangue nas mãos de uma nação pois dinheiro de corrupção mata cidadão de bem dinheiro este que é desviado de segurança, saúde e educaçã…",,,,,,,
presa,4,Ameaças de Violência,,médio,"Pena eu não tenho de vc corrupta, qdo for presa 👊",,,,,,,
abusar,4,Ameaças de Violência,,alto,vamo ser negro mas nao vamo abusar ne,,,,,,,
patrocinar,,,,médio,,,,,,,,
damar,,,,alto,"Onde estão os malafaias, os crivellas, as damares, os felicianos? Bando de hipócritas, falsos moralistas! E o Ministério Público e seus procuradores?",,,,,,,
asneira,1,Descrédito,,baixo,"Pior do que ele falando esse monte de asneira, é um bando de asno no meio da chuva, na estrada e com um frio da porra pra ouvir essas idiotices e bater palma! 😒😒😒",,,,,,,
envergonhar,4,Ameaças de Violência,,médio,Gente esse cara deve envergonhar até o Satanás.,,,,,,,
cuidado,,,,alto,"Ela que cuidado quintal da própria casa, já que está sujos com dinheiro de propina!!",,,,,,,
bue,,,,médio,Vcs fufas são bue abusadas,,,,,,,
favorecer,,,,médio,Chega de favorecer esses bandidos.,,,,,,,
elegeur,,,,baixo,,,,,,,,
alcolumbre,,,,alto,"Eduardo, ow pena do Brasil ! Vcs lutando por ele .... mas os ratos só prejudicam ! Globo, STF, Rodrigo Maia e o Davi Alcolumbre...agora parte do PSL . Muita força eu desejo para vcs ! Rezo pelo meu pa…",,,,,,,
banqueiro,,,,alto,"Esse Presidente é totalmente Perverso e incompetente. Quem tá por Trás de toda essa desgraça ao Povo Brasileiro, é Banqueiro Ministro. O Povo está sendo usurpado por uma Quadrilha intitulada de GOVERN…",,,,,,,
íntegra,,,,alto,"Pena do Brasil??? O qué será que pensa essa corrupta, tentando dar uma de pessoa íntegra, correta, quando não passa de uma vigarista! 😠🤔😠",,,,,,,
cinismo,1,Descrédito,,alto,"RT @Walgreg: A ESTUPIDEZ, FALTA DE CARÁTER E CINISMO DOS ESQUERDISTAS NÃO TEM LIMITES.... https://t.co/K6FL91oS3m",,,,,,,
noblat,,,,baixo,@bolsonarosp o câncer do noblat sempre fala no blog dele tic tac sobre a chata da Marielle !envolvendo vocês,,,,,,,
bandida,3,Assédio Sexual,,baixo,Porque é uma bandida,,,,,,,
pudor,,,,alto,"Perguntem quantos votos esse energúmeno teve em Roraima, então poderemos ter compreensão do porque ele sente liberdade para as atrocidades que diz e faz sem pudor.",,,,,,,
incitar,4,Ameaças de Violência,,médio,Esse ser deve voltar para a cadeia por incitar a violência. Ele é toda cambada dele,,,,,,,
aborteira,,,,médio,eu aí gay putinha aborteira rs,,,,,,,
pude,,,,alto,"[label=0] Vc tem todo o meu respeito 🙏🇧🇷 já pude ver que vc é sério igual seu pai, não é a toa que o Presidente dos EUA tem estima por vc ! Continue Dudu o Brasil e",,,,,,,
ladroes,,,,baixo,"Que coisa linda a gente não conhecia, ISSO Políticos LADROES NEM IMAGINAVAM QUE; EXISTIAM TANTOS, PORQUE ???, sabia se um entrasse alguém do exercito deu no que deu, tirar verbas de Vagabundos ,;PARA…",,,,,,,
jumento,,,,médio,E AI JUMENTO? HAHAHA TU É BURRO HEIN MANO?,,,,,,,
gagá,,,,baixo,Velha gagá FDP,,,,,,,
oportunista,1,Descrédito,T2,baixo,Oportunista essa corrupta.Agora todos os Comunistas querem se fazer de vítimas.,,,,,,,
quintal,,,,médio,"Ela que cuidado quintal da própria casa, já que está sujos com dinheiro de propina!!",,,,,,,
orcrim,,,,alto,RT @AlexRoussef171: Povo comendo lixo - esta é a prosperidade comunista bolivariana. Luladrão e sua ORCRIM tem que apodrecer na cadeia. htt _,,,,,,,
implantar,,,,médio,Hahaha Prenderam a muçulmana que agita manifestação anti-Trump. Essa vaca quer implantar a sharia nos EUA. https://t.co/IszqexQH92,,,,,,,
ferreira,1,Descrédito,T2,alto,[label=0] Vai ser uma romaria ao Allgarve para Alldrugs! Texto de Patrícia Ferreira Manguinhas https://t.co/iNEydB6VjG,,,,,,,
lembr,,,,alto,Gente burra não sabe o que é ato solene isso não é comemoração é um ato que lembra o fato é homenageia os refugiados da Polônia no Brasil pesquisa antes de fala merda,,,,,,,
legislativo,1,Descrédito,T2,alto,"Pois é... Pena pra fale News: de 2 a 8 anos de prisão. Pena pra quem matar alguém atropelado ou em acidente de trânsito: pra quê prender. Não foi intencional?! Como sempre, só criam leis, com duras pe…",,,,,,,
impune,,,,alto,E ele vai ficar impune? Cassação pra esse ser desprezível!,,,,,,,
media,,,,alto,Dizer que cu não reproduz pra social media do @TwitterMediaBR é ser homofóbico Gayzada ta com o cu ardendo de pisc _ https://t.co/92x3hN2vt9,,,,,,,
capim,,,,médio,"O gado saúda pneu e come capim ... Né... lamentável que tenhamos que passar por situações de fascismo apoiado, discurso de ódio apoiado pela igreja 😢",,,,,,,
bonitinha,3,Assédio Sexual,,alto,@Vivianimonfrad1 ela tem a carinha bonitinha porque é magrinha fosse uma feia gorda o povo já tinha escutado ela né mas como é bonitinha,,,,,,,
baderneiro,,,,baixo,Trancafia esse baderneiro de novo.,,,,,,,
mocinha,3,Assédio Sexual,,médio,"Menininha sororizada, está ainda nas fraldas, Joyce sabe bem onde os caminhos que trilhamos nos levam. Acho desnecessário tanto ódio e caretas no discurso dessa mocinha.",,,,,,,
chef,,,,médio,Falou bem suspeitos porque o chef está ainda solto,,,,,,,
socialista,1,Descrédito,T2,médio,Pena pq a boquinha secou né sua socialista de merda!!!! 👊🏻👊🏻👊🏻,,,,,,,
bolsonarotemrazao,,,,alto,Vichi....CANALHA....#globolixo #globobosta #globonewslixo....#bolsonarotemrazao #somostodosbolsonaro #Bolsonaro2022,,,,,,,
manifestante,1,Descrédito,T2,médio,"Diferença entre ""manifestante"" e ""terrorista"". Esquerdista = vagabundo baderneiro. Conservador = patriota, gente do _ https://t.co/XvQzqwFtHs",,,,,,,
rebelde,1,Descrédito,,baixo,"E ainda por cima é rebelde, frustado, revoltado, isso é as piores qualidades de um ser humano Deus tem misericórdia de nós.🙌🙌",,,,,,,
cúmplice,1,Descrédito,,alto,"[label=0] Só imbecis caem na falácia da ""liberdade de imprensa"" utilizada por Verdevaldo e Crimecept, para justificar uma operação criminosa, levada a cabo pela quadrilha presa na Lava Jato com objetivo de obst…",,,,,,,
protagonista,1,Descrédito,,alto,[label=0] Sugestões para um 2010 melhor: Colocar Chuck Norris como protagonista da série de TV 24hs!,,,,,,,
pig,,,,médio,Sem comentários pra essa Dona.... Fora pig!!!,,,,,,,
marcha,,,,alto,RT @bonisss: A cada dia que passa cresce aindamais os adeptos à Marcha do Orgulho Hétero!!! RT Pelos poucos héteros que restam!!,,,,,,,
íntegro,,,,alto,"Tem uma palavra para a mídia da destaque e está pirralha, medo do governo íntegro, sem roubalheira !",,,,,,,
reager,,,,alto,,,,,,,,
master,,,,alto,mano que mulher é essa que tá no master chef me sinto mt burra #MasterChefBR,,,,,,,
fanático,1,Descrédito,,alto,"[label=0] @user @user @user Nao é meu amigo, apenas nao adianta discutir com fanático por bandido. No dia 25 de julho de 1966 Fernando Santa Cruz, explodiu uma bomba no aeroporto de Guararapes, em Recife, matan…",,,,,,,
facção,1,Descrédito,T2,médio,"O único desejo do Pt facção criminosa é dinheiro é poder,o comunismo é devastador 😟 corrosivo, não faz sentido o comportamento desse pessoal de não aceitar que perderam o poder,bando de doentes egoíst…",,,,,,,
emma,,,,alto,"A Emma Stone podia ir vestida de saco de lixo rodeado de sacos do lixo dentro de um camião de lixo, que nunca estaria mal #Oscars",,,,,,,
ira,,,,alto,"CAPIROTO cansado de derrotas resolveu atacar fantasiado na pele de ""líderes religiosos"", infiltrado em Igrejas frequentadas por gente de fé e do bem, em sua maioria. Vejam quanta pregação de ódio, ira…",,,,,,,
hetero,1,Descrédito,,alto,hetero pode tudo não tem censura né? mas um beijo gay nao pode,,,,,,,
mimimi,,,,médio,"Gente, para que ta dando vergonha. Não defendo nenhuma das duas, não elegi nenhuma das duas, mas respeitem-se pelo amor!!! E vão trabalhar por quem elegeu vocês. Esses mimimi ta nojento!",,,,,,,
ignorante,1,Descrédito,,médio,Comenta sobre a condenação e a péssima gestao a frente da prefeitura. A derrota para o novato Joao Doria e depois para o ignorante xucro JB,,,,,,,
governo,1,Descrédito,T2,alto,Plano da esquerda foi é e será sempre críticar não nunca teve um plano de governo único plano era como roubar .,,,,,,,
política,1,Descrédito,T2,alto,"Sou baiano, já voltei na desgraça do PT e, graças a Deus fui libertado dessa praga. Bolsonaro é o verdadeiro presidente e o melhor do brasil. Chupa esquerdalhas! Lula e sua quadrilha tem que ser estir…",,,,,,,
