term,score,polarity,freq_misogynistic,freq_non_misogynistic,total_freq
cristã,0.0011,neutral,18,50,68
manipul,0.0011,neutral,16,30,46
sermulheré,0.0011,neutral,15,11,26
turm,0.0011,neutral,18,50,68
ideolog,0.0011,neutral,18,54,72
sujeit,0.0011,neutral,16,19,35
quadrilh,0.0011,neutral,17,30,47
pergunt,0.0011,neutral,33,259,292
horr,0.0011,neutral,23,117,140
bachelet,0.0011,neutral,14,2,16
milhã,0.0011,neutral,22,100,122
viol,0.0011,neutral,21,93,114
evangél,0.0011,neutral,15,12,27
desgr,0.0011,neutral,19,62,81
escol,0.0011,neutral,22,101,123
jamal,0.0011,neutral,20,84,104
junt,0.0011,neutral,41,363,404
acredit,0.0011,neutral,35,281,316
lembr,0.0011,neutral,33,261,294
concord,0.0011,neutral,26,167,193
asquer,0.001,neutral,13,12,25
petist,0.001,neutral,18,68,86
chei,0.001,neutral,22,118,140
terr,0.001,neutral,22,132,154
beste,0.001,neutral,14,15,29
ador,0.001,neutral,21,110,131
engan,0.001,neutral,16,45,61
frent,0.001,neutral,22,128,150
democrac,0.001,neutral,16,49,65
feit,0.001,neutral,27,188,215
apen,0.001,neutral,26,182,208
atitud,0.001,neutral,16,53,69
homofob,0.001,neutral,15,22,37
argentin,0.001,neutral,15,31,46
jesu,0.001,neutral,20,98,118
incompet,0.001,neutral,13,4,17
honest,0.001,neutral,19,86,105
desgovern,0.001,neutral,13,7,20
ilud,0.001,neutral,14,20,34
trat,0.001,neutral,22,128,150
golp,0.001,neutral,16,52,68
capit,0.001,neutral,18,72,90
revolt,0.001,neutral,15,33,48
abus,0.001,neutral,16,49,65
import,0.001,neutral,31,250,281
ditad,0.001,neutral,18,62,80
magr,0.001,neutral,18,65,83
própr,0.0009,neutral,19,102,121
pátr,0.0009,neutral,14,27,41
abort,0.0009,neutral,15,47,62
cidad,0.0009,neutral,23,155,178
morr,0.0009,neutral,38,363,401
capet,0.0009,neutral,13,20,33
guerr,0.0009,neutral,21,122,143
sociedad,0.0009,neutral,16,62,78
nunc,0.0009,neutral,22,136,158
naçã,0.0009,neutral,14,41,55
acord,0.0009,neutral,34,307,341
best,0.0009,neutral,14,37,51
reclam,0.0009,neutral,24,163,187
entend,0.0009,neutral,41,404,445
luladr,0.0009,neutral,11,3,14
serv,0.0009,neutral,16,60,76
caduc,0.0009,neutral,11,2,13
felici,0.0009,neutral,12,9,21
aparec,0.0009,neutral,20,108,128
ameaç,0.0009,neutral,14,41,55
escrev,0.0009,neutral,17,72,89
sent,0.0009,neutral,49,508,557
segu,0.0009,neutral,24,178,202
devolv,0.0009,neutral,13,23,36
text,0.0009,neutral,16,63,79
sair,0.0009,neutral,37,349,386
outr,0.0009,neutral,36,329,365
corret,0.0009,neutral,17,67,84
burc,0.0009,neutral,13,27,40
pessoal,0.0009,neutral,24,168,192
cert,0.0009,neutral,65,722,787
baix,0.0009,neutral,23,154,177
cabeç,0.0009,neutral,29,239,268
traír,0.0009,neutral,11,2,13
caus,0.0009,neutral,31,274,305
petralh,0.0008,neutral,10,6,16
rest,0.0008,neutral,19,125,144
post,0.0008,neutral,42,428,470
procur,0.0008,neutral,18,107,125
ajud,0.0008,neutral,25,212,237
personal,0.0008,neutral,13,34,47
defês,0.0008,neutral,12,24,36
hein,0.0008,neutral,20,136,156
dirig,0.0008,neutral,12,29,41
fech,0.0008,neutral,19,127,146
mandat,0.0008,neutral,10,8,18
héter,0.0008,neutral,13,49,62
carnav,0.0008,neutral,12,32,44
peit,0.0008,neutral,15,59,74
robert,0.0008,neutral,12,26,38
estud,0.0008,neutral,20,143,163
oportun,0.0008,neutral,13,45,58
argument,0.0008,neutral,15,69,84
gentalh,0.0008,neutral,11,5,16
livr,0.0008,neutral,29,249,278
doid,0.0008,neutral,19,127,146
pelud,0.0008,neutral,11,8,19
islâm,0.0008,neutral,11,13,24
lésb,0.0008,neutral,10,7,17
coit,0.0008,neutral,15,66,81
perceb,0.0008,neutral,20,139,159
monstr,0.0008,neutral,12,21,33
facist,0.0008,neutral,10,2,12
ness,0.0008,neutral,28,246,274
bandid,0.0008,neutral,11,6,17
verdad,0.0008,neutral,32,307,339
aprend,0.0008,neutral,20,132,152
homofób,0.0008,neutral,12,18,30
inform,0.0008,neutral,16,74,90
psicopat,0.0008,neutral,11,14,25
moral,0.0008,neutral,11,15,26
estupr,0.0008,neutral,13,37,50
maric,0.0008,neutral,10,7,17
program,0.0008,neutral,15,66,81
igual,0.0007,neutral,11,32,43
crápul,0.0007,neutral,8,0,8
badern,0.0007,neutral,9,3,12
acim,0.0007,neutral,13,50,63
merec,0.0007,neutral,32,314,346
carniç,0.0007,neutral,9,0,9
sobr,0.0007,neutral,48,529,577
corrupç,0.0007,neutral,12,49,61
invé,0.0007,neutral,12,45,57
simpl,0.0007,neutral,13,65,78
famíl,0.0007,neutral,20,162,182
satan,0.0007,neutral,9,8,17
desrespeit,0.0007,neutral,10,17,27
pedófil,0.0007,neutral,10,9,19
princip,0.0007,neutral,14,65,79
derrub,0.0007,neutral,12,43,55
doenç,0.0007,neutral,10,26,36
cresc,0.0007,neutral,16,106,122
arrum,0.0007,neutral,16,104,120
louç,0.0007,neutral,9,13,22
presidi,0.0007,neutral,9,10,19
fasc,0.0007,neutral,11,40,51
reproduz,0.0007,neutral,9,11,20
venc,0.0007,neutral,16,96,112
diferenç,0.0007,neutral,14,76,90
aberr,0.0007,neutral,11,35,46
social,0.0007,neutral,9,6,15
assassin,0.0007,neutral,13,50,63
inoc,0.0007,neutral,12,45,57
capach,0.0007,neutral,10,15,25
orgulh,0.0007,neutral,16,92,108
grup,0.0007,neutral,23,200,223
nasc,0.0007,neutral,13,55,68
atrapalh,0.0007,neutral,10,22,32
plant,0.0007,neutral,11,36,47
joyc,0.0007,neutral,9,9,18
repórt,0.0007,neutral,10,14,24
total,0.0007,neutral,15,86,101
coment,0.0007,neutral,26,228,254
qualqu,0.0007,neutral,27,253,280
adiant,0.0007,neutral,13,50,63
juiz,0.0007,neutral,14,72,86
politic,0.0007,neutral,11,28,39
esquec,0.0007,neutral,21,166,187
candidat,0.0007,neutral,13,65,78
incit,0.0007,neutral,10,10,20
paut,0.0007,neutral,13,62,75
fantoch,0.0007,neutral,8,0,8
parlament,0.0007,neutral,10,11,21
invest,0.0006,neutral,9,31,40
eleit,0.0006,neutral,10,29,39
phot,0.0006,neutral,7,1,8
nort,0.0006,neutral,7,4,11
ridicul,0.0006,neutral,12,60,72
atras,0.0006,neutral,11,45,56
feminaz,0.0006,neutral,8,2,10
comet,0.0006,neutral,11,46,57
gleis,0.0006,neutral,8,16,24
metad,0.0006,neutral,10,43,53
ataqu,0.0006,neutral,9,24,33
repugn,0.0006,neutral,7,2,9
imag,0.0006,neutral,14,97,111
otár,0.0006,neutral,7,2,9
escolh,0.0006,neutral,13,85,98
expuls,0.0006,neutral,9,20,29
form,0.0006,neutral,17,141,158
vermelh,0.0006,neutral,12,61,73
papel,0.0006,neutral,11,54,65
chil,0.0006,neutral,7,1,8
prag,0.0006,neutral,10,34,44
arrot,0.0006,neutral,8,2,10
incentiv,0.0006,neutral,8,5,13
apresent,0.0006,neutral,12,59,71
sistem,0.0006,neutral,11,42,53
maluc,0.0006,neutral,15,100,115
chup,0.0006,neutral,16,113,129
gran,0.0006,neutral,9,31,40
misericórd,0.0006,neutral,9,20,29
imigr,0.0006,neutral,9,29,38
troux,0.0006,neutral,14,89,103
áfric,0.0006,neutral,8,11,19
loir,0.0006,neutral,8,15,23
educ,0.0006,neutral,15,109,124
minor,0.0006,neutral,8,14,22
rapaz,0.0006,neutral,11,54,65
aprov,0.0006,neutral,10,35,45
hist,0.0006,neutral,8,18,26
cass,0.0006,neutral,8,8,16
ibop,0.0006,neutral,8,8,16
igualdad,0.0006,neutral,8,17,25
ordin,0.0006,neutral,7,0,7
carl,0.0006,neutral,12,66,78
barat,0.0006,neutral,10,38,48
jaul,0.0006,neutral,7,2,9
desej,0.0006,neutral,13,70,83
vigar,0.0006,neutral,7,3,10
dand,0.0006,neutral,19,165,184
sofr,0.0006,neutral,22,199,221
patriot,0.0006,neutral,10,28,38
conseg,0.0006,neutral,22,202,224
intern,0.0006,neutral,9,27,36
caminh,0.0006,neutral,16,123,139
grit,0.0006,neutral,17,123,140
idad,0.0006,neutral,11,47,58
torn,0.0006,neutral,13,82,95
desprez,0.0006,neutral,8,14,22
leilan,0.0006,neutral,7,1,8
ferr,0.0006,neutral,11,44,55
gast,0.0006,neutral,15,97,112
médi,0.0006,neutral,9,24,33
daquel,0.0006,neutral,12,55,67
desinform,0.0006,neutral,8,4,12
cust,0.0006,neutral,14,88,102
miser,0.0006,neutral,9,14,23
prostitut,0.0006,neutral,8,15,23
relig,0.0006,neutral,11,46,57
silvi,0.0006,neutral,7,2,9
milion,0.0005,neutral,6,9,15
pervers,0.0005,neutral,6,6,12
piroc,0.0005,neutral,8,23,31
contém,0.0005,neutral,7,7,14
haddad,0.0005,neutral,14,117,131
igrej,0.0005,neutral,11,68,79
fresc,0.0005,neutral,7,19,26
graç,0.0005,neutral,14,109,123
molequ,0.0005,neutral,7,19,26
pedr,0.0005,neutral,11,69,80
mont,0.0005,neutral,13,99,112
forabolsonar,0.0005,neutral,6,5,11
prefir,0.0005,neutral,10,62,72
espalh,0.0005,neutral,7,14,21
levy,0.0005,neutral,7,9,16
exércit,0.0005,neutral,7,7,14
raparig,0.0005,neutral,6,9,15
envolv,0.0005,neutral,8,27,35
fund,0.0005,neutral,9,48,57
gayz,0.0005,neutral,6,2,8
escór,0.0005,neutral,6,4,10
cobr,0.0005,neutral,13,93,106
lasc,0.0005,neutral,7,10,17
inútil,0.0005,neutral,8,28,36
privilégi,0.0005,neutral,8,26,34
alemanh,0.0005,neutral,7,13,20
inimig,0.0005,neutral,9,36,45
prov,0.0005,neutral,17,153,170
agend,0.0005,neutral,10,50,60
bíbl,0.0005,neutral,7,19,26
interess,0.0005,neutral,10,55,65
fracass,0.0005,neutral,8,32,40
profet,0.0005,neutral,6,5,11
assunt,0.0005,neutral,8,33,41
possu,0.0005,neutral,7,11,18
algum,0.0005,neutral,35,405,440
esqueç,0.0005,neutral,8,34,42
ninguém,0.0005,neutral,14,109,123
crist,0.0005,neutral,9,39,48
coleg,0.0005,neutral,8,31,39
consid,0.0005,neutral,6,8,14
tamb,0.0005,neutral,7,21,28
bloc,0.0005,neutral,7,20,27
comemor,0.0005,neutral,11,64,75
banc,0.0005,neutral,12,86,98
proteg,0.0005,neutral,9,38,47
risc,0.0005,neutral,8,20,28
relaç,0.0005,neutral,10,59,69
cânc,0.0005,neutral,8,23,31
construç,0.0005,neutral,7,13,20
temp,0.0005,neutral,48,564,612
útil,0.0005,neutral,7,14,21
supr,0.0005,neutral,7,20,27
cérebr,0.0005,neutral,7,20,27
dével,0.0005,neutral,6,1,7
latin,0.0005,neutral,6,10,16
gráv,0.0005,neutral,7,23,30
envergonh,0.0005,neutral,6,7,13
marid,0.0005,neutral,8,35,43
elei,0.0005,neutral,8,19,27
azul,0.0005,neutral,7,22,29
estúp,0.0005,neutral,8,20,28
feliz,0.0005,neutral,36,415,451
profes,0.0005,neutral,18,168,186
respond,0.0005,neutral,19,182,201
calhord,0.0005,neutral,6,0,6
persegu,0.0005,neutral,9,36,45
aplaud,0.0005,neutral,7,21,28
fidelix,0.0005,neutral,6,10,16
conserv,0.0005,neutral,8,26,34
decot,0.0005,neutral,6,2,8
cromoss,0.0005,neutral,6,0,6
sang,0.0005,neutral,9,51,60
miniom,0.0005,neutral,6,10,16
domin,0.0005,neutral,8,27,35
disney,0.0005,neutral,8,33,41
soub,0.0005,neutral,8,33,41
vest,0.0005,neutral,11,62,73
preç,0.0005,neutral,10,62,72
queix,0.0005,neutral,7,9,16
quest,0.0005,neutral,12,89,101
riqu,0.0005,neutral,6,5,11
saíd,0.0005,neutral,8,24,32
cair,0.0005,neutral,13,89,102
julg,0.0005,neutral,12,88,100
piad,0.0005,neutral,7,13,20
desist,0.0005,neutral,12,88,100
critic,0.0005,neutral,11,76,87
abaix,0.0005,neutral,8,28,36
síri,0.0005,neutral,6,2,8
paci,0.0005,neutral,13,92,105
projet,0.0005,neutral,14,106,120
carn,0.0005,neutral,8,35,43
desculp,0.0005,neutral,17,146,163
cínic,0.0005,neutral,6,8,14
blog,0.0005,neutral,8,22,30
coronel,0.0005,neutral,7,12,19
forç,0.0005,neutral,23,226,249
camp,0.0005,neutral,10,57,67
caind,0.0005,neutral,7,20,27
heim,0.0005,neutral,6,8,14
muit,0.0005,neutral,37,426,463
políci,0.0005,neutral,9,49,58
engraç,0.0005,neutral,15,131,146
feminist,0.0005,neutral,6,7,13
pret,0.0005,neutral,18,158,176
doutrin,0.0005,neutral,8,20,28
azed,0.0005,neutral,7,6,13
invers,0.0004,neutral,5,15,20
enquant,0.0004,neutral,11,90,101
squad,0.0004,neutral,5,9,14
chav,0.0004,neutral,6,17,23
responsabil,0.0004,neutral,4,1,5
perfum,0.0004,neutral,6,16,22
roubalh,0.0004,neutral,5,14,19
horror,0.0004,neutral,5,11,16
cint,0.0004,neutral,5,15,20
brut,0.0004,neutral,5,7,12
ensin,0.0004,neutral,10,66,76
mereç,0.0004,neutral,6,23,29
protest,0.0004,neutral,9,62,71
propósit,0.0004,neutral,5,14,19
paté,0.0004,neutral,6,12,18
mariell,0.0004,neutral,5,9,14
desequilibr,0.0004,neutral,5,3,8
engol,0.0004,neutral,7,30,37
chef,0.0004,neutral,7,41,48
cris,0.0004,neutral,9,57,66
pedofil,0.0004,neutral,5,8,13
próx,0.0004,neutral,14,131,145
banan,0.0004,neutral,5,11,16
descar,0.0004,neutral,5,7,12
troc,0.0004,neutral,13,108,121
nenhum,0.0004,neutral,27,301,328
entr,0.0004,neutral,14,132,146
dentr,0.0004,neutral,18,181,199
invas,0.0004,neutral,6,21,27
típic,0.0004,neutral,6,15,21
quis,0.0004,neutral,14,135,149
maldad,0.0004,neutral,5,14,19
serp,0.0004,neutral,4,1,5
fabric,0.0004,neutral,5,9,14
amazôn,0.0004,neutral,7,41,48
injust,0.0004,neutral,6,24,30
barbar,0.0004,neutral,5,1,6
revel,0.0004,neutral,6,25,31
perfil,0.0004,neutral,11,82,93
tortur,0.0004,neutral,5,14,19
pers,0.0004,neutral,5,5,10
independ,0.0004,neutral,9,56,65
vári,0.0004,neutral,9,68,77
fiel,0.0004,neutral,6,12,18
madur,0.0004,neutral,6,14,20
queim,0.0004,neutral,7,37,44
sint,0.0004,neutral,12,101,113
escut,0.0004,neutral,10,83,93
democrá,0.0004,neutral,6,21,27
fantasi,0.0004,neutral,5,2,7
assedi,0.0004,neutral,5,12,17
virgem,0.0004,neutral,6,13,19
garant,0.0004,neutral,8,42,50
celebr,0.0004,neutral,5,9,14
coméd,0.0004,neutral,5,13,18
assist,0.0004,neutral,22,242,264
revoluç,0.0004,neutral,5,12,17
saiu,0.0004,neutral,10,78,88
másc,0.0004,neutral,5,6,11
garr,0.0004,neutral,5,14,19
preg,0.0004,neutral,6,12,18
branquel,0.0004,neutral,5,11,16
tremend,0.0004,neutral,5,10,15
urgent,0.0004,neutral,6,16,22
adult,0.0004,neutral,6,22,28
matér,0.0004,neutral,8,51,59
desesper,0.0004,neutral,9,60,69
desempreg,0.0004,neutral,7,24,31
islam,0.0004,neutral,5,9,14
irrit,0.0004,neutral,7,32,39
sinistr,0.0004,neutral,5,10,15
isil,0.0004,neutral,5,11,16
facebook,0.0004,neutral,8,49,57
parasit,0.0004,neutral,5,5,10
repúbl,0.0004,neutral,8,51,59
profund,0.0004,neutral,6,14,20
rebeld,0.0004,neutral,5,2,7
incompat,0.0004,neutral,4,1,5
propagand,0.0004,neutral,6,26,32
cachorr,0.0004,neutral,13,118,131
mass,0.0004,neutral,10,71,81
porém,0.0004,neutral,11,81,92
melhor,0.0004,neutral,76,972,1048
sufici,0.0004,neutral,7,40,47
picaret,0.0004,neutral,5,4,9
resum,0.0004,neutral,7,42,49
consequ,0.0004,neutral,6,17,23
afund,0.0004,neutral,5,5,10
categor,0.0004,neutral,6,15,21
soluç,0.0004,neutral,6,28,34
roup,0.0004,neutral,16,155,171
casal,0.0004,neutral,12,107,119
ladra,0.0004,neutral,5,2,7
suport,0.0004,neutral,7,36,43
emis,0.0004,neutral,5,2,7
soci,0.0004,neutral,6,17,23
insinu,0.0004,neutral,5,0,5
nest,0.0004,neutral,11,94,105
hábit,0.0004,neutral,5,5,10
espírit,0.0004,neutral,6,15,21
dram,0.0004,neutral,6,22,28
vend,0.0004,neutral,28,311,339
respe,0.0004,neutral,8,38,46
abutr,0.0004,neutral,5,0,5
fácil,0.0004,neutral,15,142,157
aposent,0.0004,neutral,5,12,17
salári,0.0004,neutral,8,47,55
cadel,0.0004,neutral,6,17,23
poli,0.0004,neutral,6,14,20
homossexu,0.0004,neutral,5,1,6
silênci,0.0004,neutral,6,18,24
corn,0.0004,neutral,9,69,78
pinic,0.0004,neutral,4,1,5
funcion,0.0004,neutral,8,39,47
espert,0.0004,neutral,6,26,32
playboy,0.0004,neutral,5,8,13
capac,0.0004,neutral,7,37,44
orgulhoheter,0.0004,neutral,5,3,8
debat,0.0004,neutral,6,29,35
analfabet,0.0004,neutral,5,10,15
acostum,0.0004,neutral,5,11,16
motiv,0.0004,neutral,11,89,100
feminin,0.0004,neutral,11,95,106
entrev,0.0004,neutral,10,75,85
portug,0.0004,neutral,11,85,96
agarr,0.0004,neutral,5,7,12
econom,0.0004,neutral,8,46,54
jair,0.0004,neutral,9,67,76
rein,0.0004,neutral,5,12,17
cabelud,0.0004,neutral,5,9,14
feminazil,0.0004,neutral,5,1,6
desenh,0.0004,neutral,8,50,58
dificil,0.0004,neutral,6,21,27
refém,0.0004,neutral,5,6,11
ordinár,0.0004,neutral,5,6,11
siti,0.0004,neutral,5,2,7
compar,0.0004,neutral,8,39,47
magrel,0.0004,neutral,5,9,14
larg,0.0004,neutral,9,52,61
financi,0.0004,neutral,5,6,11
merc,0.0004,neutral,7,35,42
mamat,0.0004,neutral,5,15,20
agradec,0.0004,neutral,8,53,61
comum,0.0004,neutral,5,14,19
eutanás,0.0004,neutral,5,11,16
palhaç,0.0004,neutral,7,30,37
biscat,0.0004,neutral,5,1,6
possível,0.0004,neutral,14,128,142
parabém,0.0004,neutral,43,533,576
esper,0.0004,neutral,34,401,435
franç,0.0004,neutral,5,11,16
étic,0.0004,neutral,6,17,23
brux,0.0004,neutral,5,12,17
surr,0.0004,neutral,7,25,32
hitl,0.0004,neutral,7,29,36
otari,0.0004,neutral,6,16,22
esperanç,0.0004,neutral,8,54,62
prejudic,0.0004,neutral,6,21,27
assassinat,0.0004,neutral,6,13,19
complex,0.0004,neutral,5,9,14
úter,0.0004,neutral,6,12,18
chilen,0.0004,neutral,5,6,11
figur,0.0004,neutral,7,32,39
termin,0.0004,neutral,10,79,89
segur,0.0004,neutral,10,78,88
limit,0.0004,neutral,7,32,39
arranj,0.0004,neutral,6,15,21
cort,0.0004,neutral,19,189,208
impost,0.0004,neutral,8,54,62
invej,0.0004,neutral,12,94,106
assum,0.0004,neutral,7,40,47
desvi,0.0004,neutral,6,15,21
sustent,0.0004,neutral,6,24,30
propag,0.0004,neutral,6,12,18
heterofob,0.0004,neutral,5,1,6
mérit,0.0004,neutral,5,11,16
dign,0.0004,neutral,8,53,61
além,0.0004,neutral,14,135,149
march,0.0004,neutral,6,14,20
tret,0.0003,neutral,5,30,35
delinqu,0.0003,neutral,3,5,8
psol,0.0003,neutral,5,19,24
ateu,0.0003,neutral,4,9,13
panel,0.0003,neutral,5,22,27
crédit,0.0003,neutral,5,28,33
bebê,0.0003,neutral,5,30,35
cont,0.0003,neutral,40,500,540
liber,0.0003,neutral,6,34,40
pênil,0.0003,neutral,4,2,6
facil,0.0003,neutral,5,20,25
demon,0.0003,neutral,4,8,12
explor,0.0003,neutral,4,3,7
polic,0.0003,neutral,5,27,32
xand,0.0003,neutral,3,4,7
caix,0.0003,neutral,7,55,62
vand,0.0003,neutral,4,3,7
batalh,0.0003,neutral,5,23,28
montanh,0.0003,neutral,3,3,6
assalt,0.0003,neutral,5,23,28
intencion,0.0003,neutral,4,3,7
tont,0.0003,neutral,3,6,9
robô,0.0003,neutral,3,6,9
fême,0.0003,neutral,4,2,6
gasolin,0.0003,neutral,3,5,8
derram,0.0003,neutral,4,9,13
culh,0.0003,neutral,3,6,9
índol,0.0003,neutral,4,5,9
crista,0.0003,neutral,4,4,8
mexic,0.0003,neutral,4,8,12
nerd,0.0003,neutral,4,8,12
comunic,0.0003,neutral,4,17,21
prote,0.0003,neutral,4,7,11
aliás,0.0003,neutral,6,44,50
fart,0.0003,neutral,4,10,14
confirm,0.0003,neutral,5,27,32
estrag,0.0003,neutral,5,33,38
atrás,0.0003,neutral,11,111,122
resist,0.0003,neutral,5,30,35
inst,0.0003,neutral,8,62,70
saib,0.0003,neutral,6,42,48
just,0.0003,neutral,8,62,70
destró,0.0003,neutral,4,11,15
contamin,0.0003,neutral,3,3,6
incub,0.0003,neutral,4,4,8
fort,0.0003,neutral,12,120,132
atend,0.0003,neutral,7,53,60
ganânc,0.0003,neutral,3,4,7
youtub,0.0003,neutral,7,45,52
havan,0.0003,neutral,3,3,6
bigod,0.0003,neutral,3,3,6
desgraç,0.0003,neutral,21,237,258
discut,0.0003,neutral,6,40,46
combat,0.0003,neutral,6,40,46
chantag,0.0003,neutral,4,4,8
macarr,0.0003,neutral,4,11,15
discórd,0.0003,neutral,4,4,8
cavalh,0.0003,neutral,3,5,8
bizarr,0.0003,neutral,4,14,18
nível,0.0003,neutral,7,48,55
implant,0.0003,neutral,4,7,11
rora,0.0003,neutral,4,4,8
vind,0.0003,neutral,10,93,103
pequen,0.0003,neutral,10,87,97
surpr,0.0003,neutral,5,28,33
irrespons,0.0003,neutral,5,17,22
conselh,0.0003,neutral,7,49,56
misogin,0.0003,neutral,3,2,5
deboch,0.0003,neutral,5,19,24
bunda,0.0003,neutral,3,3,6
ranç,0.0003,neutral,5,24,29
enfi,0.0003,neutral,7,57,64
traí,0.0003,neutral,3,2,5
cagaç,0.0003,neutral,3,3,6
alhei,0.0003,neutral,4,7,11
propõ,0.0003,neutral,4,3,7
apedrej,0.0003,neutral,4,8,12
apeg,0.0003,neutral,3,6,9
opos,0.0003,neutral,3,5,8
laranj,0.0003,neutral,4,12,16
fidel,0.0003,neutral,4,4,8
peix,0.0003,neutral,5,26,31
comp,0.0003,neutral,4,15,19
maracuta,0.0003,neutral,3,2,5
demasi,0.0003,neutral,4,6,10
fard,0.0003,neutral,3,3,6
crent,0.0003,neutral,4,17,21
hipocrit,0.0003,neutral,3,6,9
cred,0.0003,neutral,6,42,48
agress,0.0003,neutral,5,22,27
apes,0.0003,neutral,8,60,68
sant,0.0003,neutral,14,143,157
deform,0.0003,neutral,3,4,7
psdb,0.0003,neutral,5,24,29
ptist,0.0003,neutral,3,2,5
retrat,0.0003,neutral,4,17,21
internationalwomensday,0.0003,neutral,3,3,6
cocô,0.0003,neutral,4,8,12
dupl,0.0003,neutral,7,45,52
penal,0.0003,neutral,4,4,8
egoíst,0.0003,neutral,4,13,17
donzel,0.0003,neutral,3,3,6
apodrec,0.0003,neutral,3,5,8
opres,0.0003,neutral,4,10,14
cabr,0.0003,neutral,4,16,20
impun,0.0003,neutral,5,16,21
gordofob,0.0003,neutral,3,5,8
dissimul,0.0003,neutral,4,3,7
deplor,0.0003,neutral,4,4,8
reag,0.0003,neutral,4,18,22
aguent,0.0003,neutral,15,165,180
minist,0.0003,neutral,6,30,36
americ,0.0003,neutral,7,54,61
gêner,0.0003,neutral,5,20,25
campanh,0.0003,neutral,7,58,65
islã,0.0003,neutral,4,4,8
crech,0.0003,neutral,3,5,8
respost,0.0003,neutral,6,36,42
aparent,0.0003,neutral,5,17,22
futebol,0.0003,neutral,13,125,138
desmoral,0.0003,neutral,3,2,5
venh,0.0003,neutral,7,45,52
cart,0.0003,neutral,9,84,93
adivinh,0.0003,neutral,3,5,8
travec,0.0003,neutral,4,6,10
expõ,0.0003,neutral,3,6,9
pest,0.0003,neutral,4,6,10
migr,0.0003,neutral,3,5,8
samb,0.0003,neutral,4,12,16
hqeh,0.0003,neutral,4,4,8
desment,0.0003,neutral,3,6,9
contraditóri,0.0003,neutral,3,3,6
mesquit,0.0003,neutral,4,4,8
chin,0.0003,neutral,5,23,28
sarr,0.0003,neutral,4,7,11
medíocr,0.0003,neutral,5,17,22
censur,0.0003,neutral,4,11,15
ideológ,0.0003,neutral,4,4,8
apanh,0.0003,neutral,8,57,65
otári,0.0003,neutral,5,22,27
turist,0.0003,neutral,4,6,10
valoriz,0.0003,neutral,4,20,24
ptralh,0.0003,neutral,4,8,12
articul,0.0003,neutral,4,9,13
sangr,0.0003,neutral,4,11,15
jorn,0.0003,neutral,11,100,111
report,0.0003,neutral,5,33,38
duvid,0.0003,neutral,8,68,76
boicot,0.0003,neutral,5,29,34
marcel,0.0003,neutral,5,32,37
tamanh,0.0003,neutral,7,46,53
prepar,0.0003,neutral,9,70,79
separ,0.0003,neutral,5,22,27
marrom,0.0003,neutral,3,2,5
presídi,0.0003,neutral,3,4,7
descobr,0.0003,neutral,11,101,112
ambul,0.0003,neutral,4,4,8
distorc,0.0003,neutral,4,6,10
relev,0.0003,neutral,5,29,34
cruel,0.0003,neutral,4,13,17
express,0.0003,neutral,5,16,21
venen,0.0003,neutral,4,14,18
ocid,0.0003,neutral,4,10,14
vener,0.0003,neutral,4,4,8
pratic,0.0003,neutral,6,47,53
infam,0.0003,neutral,3,2,5
guit,0.0003,neutral,3,3,6
somostodosdam,0.0003,neutral,4,6,10
frang,0.0003,neutral,5,19,24
acas,0.0003,neutral,4,13,17
rind,0.0003,neutral,8,73,81
prez,0.0003,neutral,4,10,14
queiroz,0.0003,neutral,5,25,30
barc,0.0003,neutral,3,4,7
derrot,0.0003,neutral,6,35,41
cristian,0.0003,neutral,4,12,16
declar,0.0003,neutral,5,34,39
agred,0.0003,neutral,4,9,13
stalin,0.0003,neutral,4,6,10
simon,0.0003,neutral,3,3,6
serviç,0.0003,neutral,6,37,43
suec,0.0003,neutral,3,6,9
fuzil,0.0003,neutral,4,4,8
violent,0.0003,neutral,4,5,9
enrust,0.0003,neutral,4,2,6
decepç,0.0003,neutral,4,11,15
bostonar,0.0003,neutral,3,4,7
adeu,0.0003,neutral,4,4,8
cost,0.0003,neutral,7,53,60
sequ,0.0003,neutral,4,19,23
alfabet,0.0003,neutral,3,4,7
benedit,0.0003,neutral,6,43,49
explic,0.0003,neutral,12,124,136
castr,0.0003,neutral,4,7,11
embaix,0.0003,neutral,5,27,32
depil,0.0003,neutral,3,2,5
fakenew,0.0003,neutral,4,11,15
fazend,0.0003,neutral,4,15,19
descarad,0.0003,neutral,3,4,7
chifrud,0.0003,neutral,3,5,8
except,0.0003,neutral,4,2,6
braç,0.0003,neutral,6,40,46
russ,0.0003,neutral,6,35,41
janain,0.0003,neutral,4,3,7
constitu,0.0003,neutral,6,30,36
prêmi,0.0003,neutral,4,17,21
isla,0.0003,neutral,3,3,6
monic,0.0003,neutral,3,3,6
freix,0.0003,neutral,4,12,16
esgot,0.0003,neutral,4,18,22
prec,0.0003,neutral,3,5,8
conviv,0.0003,neutral,5,21,26
grev,0.0003,neutral,4,8,12
investig,0.0003,neutral,7,44,51
acus,0.0003,neutral,7,58,65
arrog,0.0003,neutral,5,20,25
varr,0.0003,neutral,4,2,6
coincid,0.0003,neutral,4,9,13
eduard,0.0003,neutral,7,54,61
pinguç,0.0003,neutral,4,4,8
vantag,0.0003,neutral,4,11,15
maqui,0.0003,neutral,4,20,24
maconh,0.0003,neutral,11,101,112
grad,0.0003,neutral,3,2,5
poder,0.0003,neutral,4,19,23
bonec,0.0003,neutral,4,9,13
amér,0.0003,neutral,5,28,33
mart,0.0003,neutral,4,8,12
atra,0.0003,neutral,4,5,9
esfreg,0.0003,neutral,4,4,8
saque,0.0003,neutral,4,6,10
legend,0.0003,neutral,5,19,24
acolh,0.0003,neutral,4,15,19
sélf,0.0003,neutral,3,3,6
inseg,0.0003,neutral,3,3,6
inacredit,0.0003,neutral,4,16,20
patrocin,0.0003,neutral,4,4,8
diadamulh,0.0003,neutral,6,32,38
péss,0.0003,neutral,6,35,41
complet,0.0003,neutral,12,116,128
trem,0.0003,neutral,5,28,33
lamb,0.0003,neutral,5,31,36
inter,0.0003,neutral,6,39,45
nazist,0.0003,neutral,5,21,26
decid,0.0003,neutral,7,49,56
ruim,0.0003,neutral,20,228,248
aliment,0.0003,neutral,6,37,43
cens,0.0003,neutral,6,42,48
vegetari,0.0003,neutral,4,8,12
imediat,0.0003,neutral,3,5,8
antig,0.0003,neutral,7,47,54
trafic,0.0003,neutral,5,18,23
sensacion,0.0003,neutral,3,6,9
pint,0.0003,neutral,12,122,134
milic,0.0003,neutral,3,4,7
enterr,0.0003,neutral,4,5,9
afff,0.0003,neutral,4,14,18
carec,0.0003,neutral,4,17,21
atual,0.0003,neutral,5,25,30
apropri,0.0003,neutral,4,2,6
territóri,0.0003,neutral,3,3,6
terês,0.0003,neutral,4,2,6
bande,0.0003,neutral,4,17,21
janaín,0.0003,neutral,5,23,28
mulat,0.0003,neutral,3,3,6
froux,0.0003,neutral,4,13,17
fras,0.0003,neutral,8,59,67
parab,0.0003,neutral,5,20,25
padr,0.0003,neutral,10,91,101
hahahah,0.0003,neutral,7,58,65
marx,0.0003,neutral,5,17,22
assust,0.0003,neutral,5,28,33
tosc,0.0003,neutral,3,5,8
atenç,0.0003,neutral,10,87,97
caíd,0.0003,neutral,3,4,7
lenh,0.0003,neutral,3,3,6
prefeit,0.0003,neutral,8,66,74
luladra,0.0003,neutral,3,2,5
ocup,0.0003,neutral,4,17,21
bolsomit,0.0003,neutral,3,2,5
conquist,0.0003,neutral,5,29,34
diainternacionaldamulh,0.0003,neutral,4,8,12
fraud,0.0003,neutral,5,22,27
bloqu,0.0003,neutral,3,4,7
carreg,0.0003,neutral,7,49,56
libert,0.0003,neutral,6,41,47
cabec,0.0003,neutral,4,6,10
milíc,0.0003,neutral,4,8,12
surd,0.0003,neutral,4,6,10
médic,0.0003,neutral,5,22,27
dinossaur,0.0003,neutral,4,11,15
destaqu,0.0003,neutral,5,16,21
adormec,0.0003,neutral,3,2,5
revist,0.0003,neutral,6,33,39
indic,0.0003,neutral,7,53,60
plen,0.0003,neutral,6,45,51
escrav,0.0003,neutral,4,18,22
cristin,0.0003,neutral,5,17,22
artig,0.0003,neutral,4,20,24
trev,0.0003,neutral,4,7,11
esclarec,0.0003,neutral,3,2,5
supost,0.0003,neutral,4,12,16
atroc,0.0003,neutral,4,8,12
lacr,0.0003,neutral,6,35,41
bolsomerd,0.0003,neutral,3,2,5
letr,0.0003,neutral,4,14,18
acrescent,0.0003,neutral,4,4,8
perseg,0.0003,neutral,4,4,8
ating,0.0003,neutral,4,16,20
págin,0.0003,neutral,5,31,36
afet,0.0002,neutral,2,11,13
intervenç,0.0002,neutral,2,10,12
interfer,0.0002,neutral,3,11,14
prof,0.0002,neutral,4,24,28
mint,0.0002,neutral,2,4,6
colon,0.0002,neutral,2,8,10
higiên,0.0002,neutral,2,6,8
viag,0.0002,neutral,6,51,57
agoniz,0.0002,neutral,2,8,10
fars,0.0002,neutral,2,9,11
batom,0.0002,neutral,2,4,6
amém,0.0002,neutral,5,42,47
travest,0.0002,neutral,3,11,14
denúnc,0.0002,neutral,3,15,18
conv,0.0002,neutral,3,9,12
boqu,0.0002,neutral,3,16,19
repit,0.0002,neutral,2,9,11
administr,0.0002,neutral,3,17,20
chec,0.0002,neutral,2,3,5
autist,0.0002,neutral,2,7,9
joan,0.0002,neutral,2,7,9
puls,0.0002,neutral,3,11,14
statu,0.0002,neutral,3,19,22
homen,0.0002,neutral,5,40,45
fever,0.0002,neutral,2,4,6
fantas,0.0002,neutral,3,7,10
decl,0.0002,neutral,2,7,9
escond,0.0002,neutral,6,60,66
tomb,0.0002,neutral,3,7,10
homicídi,0.0002,neutral,2,6,8
hospíci,0.0002,neutral,2,4,6
cuban,0.0002,neutral,3,8,11
imagin,0.0002,neutral,21,264,285
manuel,0.0002,neutral,3,13,16
espum,0.0002,neutral,2,4,6
biolog,0.0002,neutral,2,10,12
camil,0.0002,neutral,4,30,34
defin,0.0002,neutral,6,50,56
fotograf,0.0002,neutral,2,9,11
fost,0.0002,neutral,2,8,10
estádi,0.0002,neutral,4,22,26
inset,0.0002,neutral,2,4,6
campeã,0.0002,neutral,4,28,32
prevalec,0.0002,neutral,2,4,6
bissexual,0.0002,neutral,2,4,6
meig,0.0002,neutral,2,8,10
traz,0.0002,neutral,7,67,74
chiqu,0.0002,neutral,3,16,19
concert,0.0002,neutral,2,7,9
estupid,0.0002,neutral,2,3,5
birr,0.0002,neutral,2,10,12
canc,0.0002,neutral,2,4,6
compartilh,0.0002,neutral,7,74,81
cúmplic,0.0002,neutral,2,7,9
marqu,0.0002,neutral,4,21,25
encost,0.0002,neutral,3,9,12
esquisit,0.0002,neutral,2,4,6
devast,0.0002,neutral,2,3,5
sold,0.0002,neutral,2,10,12
public,0.0002,neutral,6,56,62
retir,0.0002,neutral,3,16,19
vict,0.0002,neutral,2,8,10
desqualific,0.0002,neutral,2,6,8
senã,0.0002,neutral,3,16,19
mestr,0.0002,neutral,3,19,22
pornô,0.0002,neutral,3,21,24
decent,0.0002,neutral,3,14,17
desavis,0.0002,neutral,2,6,8
coelh,0.0002,neutral,3,11,14
dement,0.0002,neutral,4,21,25
vulg,0.0002,neutral,2,4,6
atent,0.0002,neutral,3,22,25
vampir,0.0002,neutral,2,3,5
histér,0.0002,neutral,2,3,5
misera,0.0002,neutral,2,4,6
autorit,0.0002,neutral,3,8,11
saúd,0.0002,neutral,6,64,70
dent,0.0002,neutral,4,21,25
repar,0.0002,neutral,3,19,22
estimul,0.0002,neutral,2,3,5
despert,0.0002,neutral,3,11,14
vaqu,0.0002,neutral,2,8,10
papagai,0.0002,neutral,2,4,6
crivell,0.0002,neutral,2,8,10
verb,0.0002,neutral,3,19,22
pitac,0.0002,neutral,2,4,6
alguém,0.0002,neutral,32,405,437
famil,0.0002,neutral,4,23,27
liberdad,0.0002,neutral,6,53,59
afast,0.0002,neutral,6,58,64
curs,0.0002,neutral,7,72,79
cunh,0.0002,neutral,3,25,28
envi,0.0002,neutral,3,24,27
comprov,0.0002,neutral,3,19,22
crít,0.0002,neutral,6,53,59
agir,0.0002,neutral,3,22,25
apreci,0.0002,neutral,2,8,10
admir,0.0002,neutral,5,52,57
requisit,0.0002,neutral,2,9,11
abril,0.0002,neutral,3,17,20
rainh,0.0002,neutral,4,31,35
prémi,0.0002,neutral,2,6,8
ileg,0.0002,neutral,2,10,12
estrut,0.0002,neutral,3,18,21
benf,0.0002,neutral,5,35,40
vazi,0.0002,neutral,2,4,6
alan,0.0002,neutral,2,6,8
tecn,0.0002,neutral,2,4,6
ahhhh,0.0002,neutral,2,11,13
orient,0.0002,neutral,2,5,7
meuamigosecret,0.0002,neutral,3,17,20
flávi,0.0002,neutral,2,4,6
emagrec,0.0002,neutral,3,19,22
descans,0.0002,neutral,4,21,25
problematiz,0.0002,neutral,2,4,6
faxin,0.0002,neutral,3,8,11
champ,0.0002,neutral,2,6,8
apost,0.0002,neutral,5,50,55
nagl,0.0002,neutral,3,7,10
valor,0.0002,neutral,4,24,28
bait,0.0002,neutral,2,8,10
torç,0.0002,neutral,2,9,11
óbvi,0.0002,neutral,5,38,43
denunci,0.0002,neutral,5,47,52
cláss,0.0002,neutral,3,20,23
fábi,0.0002,neutral,2,4,6
trajetór,0.0002,neutral,2,5,7
revolv,0.0002,neutral,2,4,6
caramb,0.0002,neutral,4,29,33
autoridad,0.0002,neutral,4,30,34
mulequ,0.0002,neutral,3,9,12
bolsominiom,0.0002,neutral,2,10,12
dizim,0.0002,neutral,2,3,5
desnecessár,0.0002,neutral,3,8,11
habib,0.0002,neutral,3,13,16
pertenc,0.0002,neutral,2,10,12
genocídi,0.0002,neutral,3,7,10
pistol,0.0002,neutral,3,12,15
adéli,0.0002,neutral,2,6,8
coré,0.0002,neutral,2,8,10
benefic,0.0002,neutral,2,3,5
preced,0.0002,neutral,2,6,8
talar,0.0002,neutral,2,8,10
gest,0.0002,neutral,3,16,19
verac,0.0002,neutral,2,5,7
cachac,0.0002,neutral,3,8,11
compet,0.0002,neutral,5,47,52
raiz,0.0002,neutral,4,21,25
provid,0.0002,neutral,2,8,10
danç,0.0002,neutral,7,76,83
azeit,0.0002,neutral,2,4,6
altur,0.0002,neutral,3,15,18
rasp,0.0002,neutral,2,7,9
proc,0.0002,neutral,3,25,28
planet,0.0002,neutral,5,48,53
infiltr,0.0002,neutral,2,4,6
terc,0.0002,neutral,4,36,40
econôm,0.0002,neutral,3,14,17
globonew,0.0002,neutral,2,9,11
caret,0.0002,neutral,2,4,6
comport,0.0002,neutral,4,22,26
cavalg,0.0002,neutral,2,6,8
recuper,0.0002,neutral,3,16,19
naquil,0.0002,neutral,2,4,6
misógin,0.0002,neutral,2,5,7
mamã,0.0002,neutral,5,47,52
descol,0.0002,neutral,2,8,10
ateíst,0.0002,neutral,2,4,6
pouq,0.0002,neutral,4,25,29
pist,0.0002,neutral,3,14,17
prox,0.0002,neutral,2,10,12
falec,0.0002,neutral,3,8,11
enxerg,0.0002,neutral,4,25,29
medi,0.0002,neutral,3,11,14
meli,0.0002,neutral,2,6,8
canet,0.0002,neutral,2,8,10
automatic,0.0002,neutral,2,4,6
fant,0.0002,neutral,2,11,13
meud,0.0002,neutral,2,4,6
folg,0.0002,neutral,3,14,17
carr,0.0002,neutral,12,141,153
merend,0.0002,neutral,2,5,7
funç,0.0002,neutral,2,11,13
simpat,0.0002,neutral,2,7,9
adolesc,0.0002,neutral,3,22,25
rebat,0.0002,neutral,2,10,12
fronteir,0.0002,neutral,3,10,13
jardim,0.0002,neutral,3,20,23
odebrecht,0.0002,neutral,3,10,13
genr,0.0002,neutral,2,3,5
recurs,0.0002,neutral,3,22,25
press,0.0002,neutral,4,29,33
desarm,0.0002,neutral,3,13,16
refut,0.0002,neutral,5,52,57
cald,0.0002,neutral,2,9,11
viaj,0.0002,neutral,6,61,67
marg,0.0002,neutral,2,9,11
terri,0.0002,neutral,2,4,6
reele,0.0002,neutral,2,9,11
perig,0.0002,neutral,6,48,54
cruz,0.0002,neutral,6,51,57
israel,0.0002,neutral,3,10,13
amorrr,0.0002,neutral,2,4,6
enferm,0.0002,neutral,2,8,10
parcer,0.0002,neutral,2,4,6
ativ,0.0002,neutral,4,38,42
emir,0.0002,neutral,2,6,8
homossex,0.0002,neutral,2,9,11
aproveit,0.0002,neutral,4,39,43
velhot,0.0002,neutral,2,6,8
patrulh,0.0002,neutral,2,8,10
respir,0.0002,neutral,3,16,19
critéri,0.0002,neutral,3,11,14
praç,0.0002,neutral,4,24,28
carg,0.0002,neutral,4,35,39
glock,0.0002,neutral,2,4,6
toler,0.0002,neutral,3,19,22
mani,0.0002,neutral,4,32,36
caval,0.0002,neutral,2,11,13
engravid,0.0002,neutral,2,10,12
chernobyl,0.0002,neutral,3,11,14
excre,0.0002,neutral,2,4,6
curt,0.0002,neutral,15,179,194
parqu,0.0002,neutral,2,10,12
intoler,0.0002,neutral,2,10,12
cels,0.0002,neutral,3,20,23
soror,0.0002,neutral,2,3,5
reajust,0.0002,neutral,2,4,6
chines,0.0002,neutral,2,4,6
cogit,0.0002,neutral,2,8,10
quiet,0.0002,neutral,5,51,56
princípi,0.0002,neutral,2,7,9
árab,0.0002,neutral,3,10,13
notíc,0.0002,neutral,3,23,26
folh,0.0002,neutral,4,32,36
porn,0.0002,neutral,2,6,8
consci,0.0002,neutral,5,47,52
alien,0.0002,neutral,3,16,19
rode,0.0002,neutral,2,9,11
marmit,0.0002,neutral,2,9,11
oposi,0.0002,neutral,2,6,8
animal,0.0002,neutral,5,37,42
brun,0.0002,neutral,7,72,79
ofend,0.0002,neutral,4,33,37
selv,0.0002,neutral,3,11,14
contribu,0.0002,neutral,4,32,36
iiiih,0.0002,neutral,2,4,6
acontec,0.0002,neutral,27,337,364
repreend,0.0002,neutral,2,4,6
bern,0.0002,neutral,3,9,12
ruir,0.0002,neutral,2,4,6
experiment,0.0002,neutral,2,8,10
tendenci,0.0002,neutral,2,3,5
espéci,0.0002,neutral,2,11,13
interval,0.0002,neutral,2,8,10
enjaul,0.0002,neutral,2,6,8
pior,0.0002,neutral,3,25,28
carneir,0.0002,neutral,2,4,6
polu,0.0002,neutral,2,4,6
messias,0.0002,neutral,3,9,12
idos,0.0002,neutral,2,11,13
varg,0.0002,neutral,2,8,10
menstru,0.0002,neutral,4,22,26
repúdi,0.0002,neutral,3,13,16
insignific,0.0002,neutral,2,9,11
seit,0.0002,neutral,2,7,9
prepot,0.0002,neutral,2,5,7
mora,0.0002,neutral,3,11,14
tribun,0.0002,neutral,2,9,11
jurist,0.0002,neutral,2,10,12
rodrig,0.0002,neutral,4,25,29
confund,0.0002,neutral,2,9,11
mosquit,0.0002,neutral,2,4,6
reprim,0.0002,neutral,2,7,9
foss,0.0002,neutral,2,5,7
gleic,0.0002,neutral,2,4,6
local,0.0002,neutral,3,11,14
arrepend,0.0002,neutral,4,27,31
arreg,0.0002,neutral,2,6,8
tragéd,0.0002,neutral,2,8,10
money,0.0002,neutral,2,10,12
defen,0.0002,neutral,4,24,28
demagog,0.0002,neutral,2,4,6
pacot,0.0002,neutral,3,19,22
natur,0.0002,neutral,3,13,16
inch,0.0002,neutral,2,8,10
frequ,0.0002,neutral,2,3,5
promot,0.0002,neutral,2,7,9
ferrament,0.0002,neutral,2,4,6
estági,0.0002,neutral,2,4,6
letic,0.0002,neutral,2,6,8
sutiã,0.0002,neutral,2,6,8
rihann,0.0002,neutral,2,4,6
twittealgomuitoantig,0.0002,neutral,2,4,6
macumb,0.0002,neutral,3,7,10
afront,0.0002,neutral,3,7,10
fofoc,0.0002,neutral,4,25,29
term,0.0002,neutral,5,36,41
discrimin,0.0002,neutral,3,16,19
indign,0.0002,neutral,5,40,45
desocup,0.0002,neutral,3,9,12
luci,0.0002,neutral,2,5,7
anteri,0.0002,neutral,2,10,12
port,0.0002,neutral,13,161,174
prát,0.0002,neutral,3,15,18
brazil,0.0002,neutral,2,10,12
encant,0.0002,neutral,3,7,10
íntegr,0.0002,neutral,3,8,11
propr,0.0002,neutral,2,8,10
moder,0.0002,neutral,2,4,6
charlat,0.0002,neutral,2,4,6
europe,0.0002,neutral,4,38,42
feic,0.0002,neutral,2,4,6
combin,0.0002,neutral,4,23,27
convid,0.0002,neutral,3,25,28
inescrupul,0.0002,neutral,2,6,8
bolh,0.0002,neutral,4,26,30
denegr,0.0002,neutral,2,9,11
polôn,0.0002,neutral,3,11,14
capaz,0.0002,neutral,5,36,41
firm,0.0002,neutral,4,31,35
fortun,0.0002,neutral,2,6,8
exceç,0.0002,neutral,2,6,8
famili,0.0002,neutral,2,6,8
incen,0.0002,neutral,2,5,7
aument,0.0002,neutral,7,71,78
aceler,0.0002,neutral,2,10,12
caiu,0.0002,neutral,7,79,86
símbol,0.0002,neutral,2,3,5
compreend,0.0002,neutral,2,4,6
disfarç,0.0002,neutral,4,25,29
obje,0.0002,neutral,3,21,24
tanqu,0.0002,neutral,2,10,12
produt,0.0002,neutral,6,55,61
larápi,0.0002,neutral,2,4,6
salv,0.0002,neutral,10,104,114
sirv,0.0002,neutral,2,11,13
bacan,0.0002,neutral,2,7,9
procri,0.0002,neutral,2,4,6
colégi,0.0002,neutral,5,37,42
deton,0.0002,neutral,2,4,6
apart,0.0002,neutral,3,15,18
passaport,0.0002,neutral,2,6,8
alhe,0.0002,neutral,4,31,35
hoffmann,0.0002,neutral,2,7,9
imatur,0.0002,neutral,2,4,6
portel,0.0002,neutral,2,6,8
penetr,0.0002,neutral,2,10,12
orig,0.0002,neutral,2,6,8
picu,0.0002,neutral,2,5,7
agreg,0.0002,neutral,2,3,5
past,0.0002,neutral,3,19,22
chupet,0.0002,neutral,2,8,10
bolív,0.0002,neutral,2,4,6
record,0.0002,neutral,3,25,28
gratuit,0.0002,neutral,3,25,28
global,0.0002,neutral,2,5,7
credibil,0.0002,neutral,3,16,19
progress,0.0002,neutral,3,14,17
legist,0.0002,neutral,2,3,5
allan,0.0002,neutral,2,6,8
negu,0.0002,neutral,3,12,15
recolh,0.0002,neutral,2,10,12
centen,0.0002,neutral,2,9,11
atriz,0.0002,neutral,3,7,10
descobert,0.0002,neutral,3,9,12
cheir,0.0002,neutral,8,78,86
miam,0.0002,neutral,2,7,9
mulher,0.0002,neutral,3,9,12
recu,0.0002,neutral,2,6,8
somostodosbolsonar,0.0002,neutral,2,4,6
inaceit,0.0002,neutral,3,7,10
lógic,0.0002,neutral,6,63,69
canh,0.0002,neutral,2,6,8
canil,0.0002,neutral,2,4,6
expos,0.0002,neutral,2,8,10
transport,0.0002,neutral,3,8,11
imped,0.0002,neutral,4,24,28
mist,0.0002,neutral,3,20,23
proib,0.0002,neutral,5,41,46
pesquis,0.0002,neutral,7,71,78
frágil,0.0002,neutral,3,9,12
acamp,0.0002,neutral,2,4,6
inutil,0.0002,neutral,3,13,16
alert,0.0002,neutral,3,20,23
espanhol,0.0002,neutral,2,10,12
amanh,0.0002,neutral,3,15,18
extint,0.0002,neutral,2,3,5
leal,0.0002,neutral,2,5,7
influenci,0.0002,neutral,2,8,10
xenofob,0.0002,neutral,2,6,8
twit,0.0002,neutral,2,4,6
direç,0.0002,neutral,3,17,20
gabriell,0.0002,neutral,2,4,6
entreg,0.0002,neutral,5,47,52
solid,0.0002,neutral,3,8,11
func,0.0002,neutral,4,33,37
aniversari,0.0002,neutral,2,10,12
audi,0.0002,neutral,5,37,42
jêni,0.0002,neutral,2,4,6
vitim,0.0002,neutral,2,3,5
fábr,0.0002,neutral,3,11,14
alianç,0.0002,neutral,2,9,11
engenh,0.0002,neutral,3,14,17
tort,0.0002,neutral,4,35,39
pern,0.0002,neutral,4,26,30
excet,0.0002,neutral,3,8,11
radic,0.0002,neutral,2,4,6
doenti,0.0002,neutral,2,5,7
signific,0.0002,neutral,3,23,26
irôn,0.0002,neutral,2,6,8
disp,0.0002,neutral,2,5,7
mamad,0.0002,neutral,3,8,11
sugest,0.0002,neutral,3,14,17
isenç,0.0002,neutral,2,7,9
masturb,0.0002,neutral,2,4,6
provoc,0.0002,neutral,5,37,42
prum,0.0002,neutral,2,4,6
frei,0.0002,neutral,2,3,5
merdaaaa,0.0002,neutral,2,6,8
insist,0.0002,neutral,5,42,47
impeachment,0.0002,neutral,5,35,40
patríc,0.0002,neutral,2,10,12
abandon,0.0002,neutral,3,25,28
campu,0.0002,neutral,2,3,5
milho,0.0002,neutral,2,5,7
elit,0.0002,neutral,2,3,5
burgu,0.0002,neutral,2,6,8
hoffman,0.0002,neutral,2,6,8
patrã,0.0002,neutral,3,7,10
desgrac,0.0002,neutral,3,14,17
cord,0.0002,neutral,3,9,12
hospit,0.0002,neutral,5,49,54
interpret,0.0002,neutral,4,27,31
essenc,0.0002,neutral,2,4,6
obam,0.0002,neutral,4,34,38
oferec,0.0002,neutral,4,30,34
cofr,0.0002,neutral,2,10,12
alexandr,0.0002,neutral,4,39,43
séri,0.0002,neutral,26,335,361
insult,0.0002,neutral,2,7,9
misér,0.0002,neutral,3,7,10
idolatr,0.0002,neutral,2,5,7
estagi,0.0002,neutral,3,15,18
ahhh,0.0002,neutral,3,18,21
frit,0.0002,neutral,3,9,12
jesusestávolt,0.0002,neutral,2,4,6
milh,0.0002,neutral,2,10,12
deit,0.0002,neutral,5,45,50
alzheim,0.0002,neutral,2,7,9
produz,0.0002,neutral,5,42,47
internac,0.0002,neutral,2,7,9
brinc,0.0002,neutral,12,148,160
entant,0.0002,neutral,2,5,7
contin,0.0002,neutral,2,6,8
silicon,0.0002,neutral,2,10,12
play,0.0002,neutral,2,9,11
blind,0.0002,neutral,2,11,13
estad,0.0002,neutral,2,9,11
esmag,0.0002,neutral,3,7,10
quadr,0.0002,neutral,4,27,31
dedic,0.0002,neutral,3,17,20
propri,0.0002,neutral,2,7,9
extrem,0.0002,neutral,6,48,54
zomb,0.0002,neutral,2,5,7
mald,0.0002,neutral,2,8,10
cocaín,0.0002,neutral,2,9,11
comand,0.0002,neutral,2,11,13
meritocrac,0.0002,neutral,2,10,12
jant,0.0002,neutral,4,37,41
amarg,0.0002,neutral,2,6,8
capim,0.0002,neutral,2,4,6
frut,0.0002,neutral,4,29,33
anorex,0.0002,neutral,2,4,6
insan,0.0002,neutral,3,10,13
frequent,0.0002,neutral,3,7,10
organiz,0.0002,neutral,5,35,40
regim,0.0002,neutral,3,14,17
dossi,0.0002,neutral,2,4,6
prédi,0.0002,neutral,3,13,16
raciocíni,0.0002,neutral,2,6,8
difícil,0.0002,neutral,15,173,188
laud,0.0002,neutral,2,6,8
henriqu,0.0002,neutral,3,15,18
romanc,0.0002,neutral,2,6,8
boçal,0.0002,neutral,2,4,6
hijab,0.0002,neutral,2,4,6
carat,0.0002,neutral,3,19,22
mast,0.0002,neutral,2,8,10
transgêner,0.0002,neutral,2,4,6
fotográf,0.0002,neutral,2,4,6
ciênc,0.0002,neutral,4,27,31
viad,0.0002,neutral,4,36,40
infantil,0.0002,neutral,4,27,31
copi,0.0002,neutral,3,15,18
demostr,0.0002,neutral,2,3,5
priquit,0.0002,neutral,2,4,6
financ,0.0002,neutral,3,21,24
indivídu,0.0002,neutral,3,7,10
divers,0.0002,neutral,4,37,41
conteúd,0.0002,neutral,6,61,67
luan,0.0002,neutral,3,12,15
paril,0.0002,neutral,3,13,16
exig,0.0002,neutral,4,27,31
crianc,0.0002,neutral,2,7,9
roman,0.0002,neutral,3,11,14
abat,0.0002,neutral,2,5,7
sena,0.0002,neutral,2,3,5
açaí,0.0002,neutral,2,8,10
distra,0.0002,neutral,2,8,10
privilegi,0.0002,neutral,3,18,21
desserviç,0.0002,neutral,2,6,8
clich,0.0002,neutral,2,10,12
prot,0.0002,neutral,2,6,8
ahahah,0.0002,neutral,3,13,16
canad,0.0002,neutral,3,13,16
bebed,0.0002,neutral,2,8,10
identific,0.0002,neutral,2,10,12
revog,0.0002,neutral,3,7,10
empres,0.0002,neutral,3,10,13
març,0.0002,neutral,2,8,10
cinism,0.0002,neutral,2,6,8
pneu,0.0002,neutral,2,6,8
mitrogl,0.0002,neutral,2,6,8
barb,0.0002,neutral,3,19,22
extermin,0.0002,neutral,2,7,9
vinganç,0.0002,neutral,2,5,7
tind,0.0002,neutral,2,8,10
dortmund,0.0002,neutral,2,8,10
consert,0.0002,neutral,2,5,7
elev,0.0002,neutral,2,9,11
prime,0.0002,neutral,2,11,13
bilhã,0.0002,neutral,4,28,32
proteç,0.0001,neutral,1,8,9
espanh,0.0001,neutral,1,8,9
capot,0.0001,neutral,1,10,11
imit,0.0001,neutral,1,5,6
safad,0.0001,neutral,1,4,5
vers,0.0001,neutral,2,30,32
caron,0.0001,neutral,1,7,8
garimp,0.0001,neutral,1,6,7
brinqued,0.0001,neutral,1,6,7
mongolóid,0.0001,neutral,1,5,6
confianç,0.0001,neutral,3,27,30
desfrut,0.0001,neutral,1,7,8
aposentad,0.0001,neutral,1,9,10
arbítri,0.0001,neutral,1,7,8
chut,0.0001,neutral,3,39,42
barulh,0.0001,neutral,2,20,22
ocorr,0.0001,neutral,2,16,18
trop,0.0001,neutral,1,12,13
acumul,0.0001,neutral,1,6,7
frac,0.0001,neutral,3,41,44
alcolumbr,0.0001,neutral,1,8,9
diálog,0.0001,neutral,1,12,13
oraç,0.0001,neutral,1,13,14
desprov,0.0001,neutral,1,4,5
sérgi,0.0001,neutral,2,25,27
económ,0.0001,neutral,1,7,8
polon,0.0001,neutral,1,4,5
criminal,0.0001,neutral,1,6,7
isabel,0.0001,neutral,1,13,14
gravid,0.0001,neutral,1,13,14
cozinh,0.0001,neutral,1,8,9
imens,0.0001,neutral,2,19,21
diog,0.0001,neutral,1,5,6
mári,0.0001,neutral,1,15,16
reún,0.0001,neutral,1,4,5
encaminh,0.0001,neutral,1,8,9
pornograf,0.0001,neutral,1,13,14
fortal,0.0001,neutral,1,10,11
cavac,0.0001,neutral,1,7,8
laur,0.0001,neutral,2,20,22
neym,0.0001,neutral,2,14,16
associ,0.0001,neutral,2,17,19
rast,0.0001,neutral,1,8,9
teso,0.0001,neutral,1,5,6
ruel,0.0001,neutral,1,8,9
rivotril,0.0001,neutral,1,4,5
desgost,0.0001,neutral,1,10,11
desgast,0.0001,neutral,1,4,5
devid,0.0001,neutral,1,6,7
iron,0.0001,neutral,2,19,21
itaip,0.0001,neutral,1,5,6
habitu,0.0001,neutral,1,9,10
brasíl,0.0001,neutral,2,21,23
inevit,0.0001,neutral,1,12,13
estelionat,0.0001,neutral,1,8,9
blocoesquerd,0.0001,neutral,1,5,6
brand,0.0001,neutral,1,4,5
contempl,0.0001,neutral,1,4,5
desenrol,0.0001,neutral,1,5,6
esquent,0.0001,neutral,1,12,13
rach,0.0001,neutral,2,12,14
pedaç,0.0001,neutral,2,16,18
habemuspap,0.0001,neutral,1,5,6
cerc,0.0001,neutral,2,23,25
engaj,0.0001,neutral,1,4,5
lest,0.0001,neutral,1,4,5
transfer,0.0001,neutral,1,13,14
ameb,0.0001,neutral,1,6,7
medr,0.0001,neutral,1,7,8
desconhec,0.0001,neutral,2,25,27
japon,0.0001,neutral,2,16,18
complic,0.0001,neutral,2,22,24
jaim,0.0001,neutral,1,4,5
rost,0.0001,neutral,4,45,49
magd,0.0001,neutral,1,4,5
fusc,0.0001,neutral,1,5,6
infânc,0.0001,neutral,1,7,8
chap,0.0001,neutral,3,28,31
facul,0.0001,neutral,1,7,8
compromiss,0.0001,neutral,1,16,17
prev,0.0001,neutral,1,8,9
janel,0.0001,neutral,2,20,22
justif,0.0001,neutral,1,4,5
inov,0.0001,neutral,1,7,8
começ,0.0001,neutral,18,238,256
super,0.0001,neutral,2,25,27
musk,0.0001,neutral,1,5,6
repercuss,0.0001,neutral,1,4,5
alívi,0.0001,neutral,1,9,10
alckmin,0.0001,neutral,1,4,5
malh,0.0001,neutral,1,13,14
lauren,0.0001,neutral,1,7,8
replet,0.0001,neutral,1,6,7
compost,0.0001,neutral,1,11,12
piqu,0.0001,neutral,2,20,22
intimid,0.0001,neutral,1,7,8
iníci,0.0001,neutral,3,26,29
dispos,0.0001,neutral,2,13,15
assin,0.0001,neutral,3,39,42
anorm,0.0001,neutral,1,4,5
inte,0.0001,neutral,1,4,5
nariz,0.0001,neutral,2,12,14
coer,0.0001,neutral,1,14,15
especific,0.0001,neutral,1,6,7
trup,0.0001,neutral,1,4,5
banh,0.0001,neutral,10,125,135
dudu,0.0001,neutral,1,9,10
ingress,0.0001,neutral,4,41,45
pendur,0.0001,neutral,1,10,11
probabil,0.0001,neutral,1,6,7
jogu,0.0001,neutral,1,7,8
julh,0.0001,neutral,1,14,15
expliqu,0.0001,neutral,1,4,5
falác,0.0001,neutral,1,4,5
parl,0.0001,neutral,1,4,5
sequestr,0.0001,neutral,1,10,11
daqu,0.0001,neutral,6,85,91
decad,0.0001,neutral,2,12,14
relax,0.0001,neutral,3,26,29
seguint,0.0001,neutral,2,21,23
ahahahahahah,0.0001,neutral,1,7,8
chapéu,0.0001,neutral,1,14,15
inconveni,0.0001,neutral,1,8,9
diplomac,0.0001,neutral,1,7,8
flagr,0.0001,neutral,1,5,6
vocabul,0.0001,neutral,1,6,7
destin,0.0001,neutral,2,14,16
hahahahahahahah,0.0001,neutral,1,7,8
presenç,0.0001,neutral,2,23,25
brej,0.0001,neutral,1,7,8
traum,0.0001,neutral,1,8,9
representat,0.0001,neutral,1,14,15
oest,0.0001,neutral,1,9,10
evit,0.0001,neutral,2,30,32
exempl,0.0001,neutral,6,72,78
farr,0.0001,neutral,1,4,5
regist,0.0001,neutral,1,5,6
joaquin,0.0001,neutral,1,15,16
bumbum,0.0001,neutral,1,6,7
licenç,0.0001,neutral,1,12,13
volum,0.0001,neutral,1,10,11
tromb,0.0001,neutral,1,9,10
bald,0.0001,neutral,2,20,22
escândal,0.0001,neutral,1,9,10
horri,0.0001,neutral,1,10,11
hahahahhah,0.0001,neutral,1,7,8
reil,0.0001,neutral,1,6,7
aparelh,0.0001,neutral,2,13,15
vácu,0.0001,neutral,1,13,14
roch,0.0001,neutral,2,13,15
velóri,0.0001,neutral,1,4,5
tuit,0.0001,neutral,1,13,14
marketing,0.0001,neutral,1,7,8
mantém,0.0001,neutral,1,5,6
patet,0.0001,neutral,1,4,5
juda,0.0001,neutral,1,4,5
refer,0.0001,neutral,2,12,14
inadmiss,0.0001,neutral,1,4,5
benefíci,0.0001,neutral,2,12,14
blablabl,0.0001,neutral,1,9,10
permit,0.0001,neutral,4,48,52
litr,0.0001,neutral,1,15,16
recif,0.0001,neutral,1,11,12
planej,0.0001,neutral,3,27,30
masculin,0.0001,neutral,2,30,32
bagaç,0.0001,neutral,1,4,5
obedec,0.0001,neutral,1,5,6
boat,0.0001,neutral,2,14,16
canec,0.0001,neutral,1,7,8
correspond,0.0001,neutral,1,8,9
enquadr,0.0001,neutral,1,4,5
contrat,0.0001,neutral,10,123,133
beyoncé,0.0001,neutral,1,7,8
bord,0.0001,neutral,1,6,7
pessim,0.0001,neutral,1,5,6
sinc,0.0001,neutral,6,81,87
mour,0.0001,neutral,1,8,9
pouc,0.0001,neutral,27,358,385
serm,0.0001,neutral,1,4,5
teix,0.0001,neutral,1,13,14
pich,0.0001,neutral,1,7,8
habil,0.0001,neutral,1,4,5
capitã,0.0001,neutral,2,14,16
iphon,0.0001,neutral,3,28,31
condut,0.0001,neutral,1,5,6
refe,0.0001,neutral,1,7,8
concurs,0.0001,neutral,3,42,45
heheh,0.0001,neutral,1,11,12
beck,0.0001,neutral,1,5,6
útel,0.0001,neutral,1,4,5
valent,0.0001,neutral,1,6,7
influ,0.0001,neutral,1,10,11
árvor,0.0001,neutral,1,6,7
lábi,0.0001,neutral,1,5,6
grat,0.0001,neutral,3,42,45
avanç,0.0001,neutral,2,24,26
algarv,0.0001,neutral,1,7,8
bilhet,0.0001,neutral,2,28,30
travess,0.0001,neutral,1,16,17
edit,0.0001,neutral,2,26,28
caraí,0.0001,neutral,1,6,7
acid,0.0001,neutral,2,18,20
etern,0.0001,neutral,3,44,47
preserv,0.0001,neutral,2,16,18
core,0.0001,neutral,4,43,47
lágr,0.0001,neutral,1,16,17
surpres,0.0001,neutral,1,6,7
eupar,0.0001,neutral,1,9,10
humild,0.0001,neutral,2,13,15
equaç,0.0001,neutral,1,7,8
notic,0.0001,neutral,1,7,8
radi,0.0001,neutral,1,9,10
patrimôni,0.0001,neutral,1,4,5
pomb,0.0001,neutral,1,12,13
botafog,0.0001,neutral,1,14,15
consult,0.0001,neutral,2,13,15
sara,0.0001,neutral,1,5,6
misteri,0.0001,neutral,1,8,9
ponh,0.0001,neutral,1,4,5
legisl,0.0001,neutral,1,10,11
conqu,0.0001,neutral,3,36,39
olimpí,0.0001,neutral,1,14,15
incômod,0.0001,neutral,1,4,5
vomit,0.0001,neutral,2,18,20
divid,0.0001,neutral,3,29,32
religi,0.0001,neutral,2,16,18
evangelh,0.0001,neutral,1,6,7
ping,0.0001,neutral,3,26,29
consum,0.0001,neutral,3,28,31
ambos,0.0001,neutral,1,12,13
tecl,0.0001,neutral,2,14,16
asfalt,0.0001,neutral,1,6,7
ombr,0.0001,neutral,1,8,9
nordestin,0.0001,neutral,3,30,33
hashtag,0.0001,neutral,2,18,20
bill,0.0001,neutral,1,6,7
vint,0.0001,neutral,1,8,9
revis,0.0001,neutral,1,16,17
mobiliz,0.0001,neutral,1,7,8
perturb,0.0001,neutral,1,12,13
legal,0.0001,neutral,3,35,38
demonstr,0.0001,neutral,2,17,19
regr,0.0001,neutral,2,26,28
palpit,0.0001,neutral,1,12,13
publ,0.0001,neutral,1,16,17
impuls,0.0001,neutral,1,4,5
autonom,0.0001,neutral,1,5,6
maçã,0.0001,neutral,1,4,5
violenc,0.0001,neutral,1,6,7
crem,0.0001,neutral,2,14,16
amad,0.0001,neutral,1,8,9
disgr,0.0001,neutral,1,4,5
analis,0.0001,neutral,2,20,22
carte,0.0001,neutral,1,6,7
tchau,0.0001,neutral,2,28,30
martin,0.0001,neutral,1,7,8
homenag,0.0001,neutral,1,5,6
manau,0.0001,neutral,2,14,16
civil,0.0001,neutral,1,13,14
observ,0.0001,neutral,2,20,22
teatr,0.0001,neutral,1,10,11
arras,0.0001,neutral,1,16,17
institu,0.0001,neutral,2,25,27
gótic,0.0001,neutral,1,9,10
trav,0.0001,neutral,2,13,15
efeit,0.0001,neutral,2,27,29
prosper,0.0001,neutral,1,5,6
rigor,0.0001,neutral,1,7,8
escap,0.0001,neutral,1,5,6
vegan,0.0001,neutral,2,15,17
famos,0.0001,neutral,1,4,5
mioj,0.0001,neutral,1,10,11
botox,0.0001,neutral,1,4,5
esta,0.0001,neutral,1,10,11
lariss,0.0001,neutral,1,9,10
circul,0.0001,neutral,1,7,8
admit,0.0001,neutral,2,24,26
brag,0.0001,neutral,2,15,17
atir,0.0001,neutral,2,17,19
portugu,0.0001,neutral,3,44,47
inden,0.0001,neutral,1,8,9
cerimón,0.0001,neutral,1,5,6
suéc,0.0001,neutral,1,5,6
filosof,0.0001,neutral,2,17,19
submiss,0.0001,neutral,1,11,12
nord,0.0001,neutral,3,31,34
encaix,0.0001,neutral,1,8,9
bolsonaropresid,0.0001,neutral,1,7,8
hastag,0.0001,neutral,1,4,5
madrast,0.0001,neutral,1,9,10
convenc,0.0001,neutral,1,14,15
esquem,0.0001,neutral,1,11,12
massacr,0.0001,neutral,1,9,10
wellington,0.0001,neutral,1,5,6
encerr,0.0001,neutral,2,14,16
cervej,0.0001,neutral,7,81,88
flór,0.0001,neutral,1,9,10
bochech,0.0001,neutral,1,8,9
costel,0.0001,neutral,1,4,5
inspir,0.0001,neutral,2,27,29
enrol,0.0001,neutral,2,16,18
especul,0.0001,neutral,1,5,6
conclus,0.0001,neutral,2,30,32
judici,0.0001,neutral,3,28,31
excel,0.0001,neutral,3,42,45
portant,0.0001,neutral,2,16,18
trinc,0.0001,neutral,1,5,6
numer,0.0001,neutral,1,7,8
bernard,0.0001,neutral,1,10,11
desonest,0.0001,neutral,2,13,15
mimizent,0.0001,neutral,1,4,5
desperdiç,0.0001,neutral,1,11,12
gamb,0.0001,neutral,2,12,14
card,0.0001,neutral,1,14,15
impact,0.0001,neutral,2,25,27
fumaç,0.0001,neutral,1,8,9
herol,0.0001,neutral,1,9,10
isent,0.0001,neutral,1,6,7
simmm,0.0001,neutral,1,5,6
sensat,0.0001,neutral,3,42,45
extern,0.0001,neutral,1,9,10
afirm,0.0001,neutral,4,40,44
comparec,0.0001,neutral,1,14,15
gauch,0.0001,neutral,1,6,7
desmerec,0.0001,neutral,2,14,16
desconfi,0.0001,neutral,2,18,20
conlui,0.0001,neutral,1,5,6
credit,0.0001,neutral,1,6,7
model,0.0001,neutral,2,21,23
congel,0.0001,neutral,2,12,14
conf,0.0001,neutral,4,49,53
fórum,0.0001,neutral,1,4,5
parcel,0.0001,neutral,1,10,11
favorec,0.0001,neutral,1,6,7
promov,0.0001,neutral,2,23,25
sard,0.0001,neutral,1,4,5
terren,0.0001,neutral,1,4,5
corromp,0.0001,neutral,2,12,14
rejeit,0.0001,neutral,1,9,10
psicológ,0.0001,neutral,2,21,23
silv,0.0001,neutral,3,31,34
aplic,0.0001,neutral,2,25,27
sabot,0.0001,neutral,1,5,6
block,0.0001,neutral,2,30,32
daddy,0.0001,neutral,1,4,5
exam,0.0001,neutral,1,12,13
cpilavatog,0.0001,neutral,1,4,5
verific,0.0001,neutral,1,15,16
proveit,0.0001,neutral,1,8,9
mundi,0.0001,neutral,1,5,6
sombr,0.0001,neutral,1,12,13
soberan,0.0001,neutral,1,9,10
ideal,0.0001,neutral,2,22,24
calabr,0.0001,neutral,1,7,8
palc,0.0001,neutral,1,15,16
posicion,0.0001,neutral,1,6,7
esculhamb,0.0001,neutral,1,4,5
reput,0.0001,neutral,1,6,7
kinnvall,0.0001,neutral,1,7,8
bueir,0.0001,neutral,1,4,5
inclu,0.0001,neutral,2,16,18
nobel,0.0001,neutral,1,4,5
bolsonarotemraza,0.0001,neutral,1,8,9
camarot,0.0001,neutral,2,24,26
especi,0.0001,neutral,1,8,9
camiset,0.0001,neutral,2,24,26
eletrôn,0.0001,neutral,1,4,5
parc,0.0001,neutral,4,52,56
maur,0.0001,neutral,1,12,13
raiv,0.0001,neutral,10,126,136
covil,0.0001,neutral,1,4,5
profer,0.0001,neutral,1,4,5
prior,0.0001,neutral,2,27,29
disc,0.0001,neutral,1,13,14
unid,0.0001,neutral,1,7,8
remedi,0.0001,neutral,1,7,8
altern,0.0001,neutral,1,6,7
básic,0.0001,neutral,3,40,43
tutel,0.0001,neutral,1,4,5
arroz,0.0001,neutral,1,11,12
polem,0.0001,neutral,1,6,7
curv,0.0001,neutral,1,10,11
potenc,0.0001,neutral,1,6,7
lomotif,0.0001,neutral,2,26,28
canud,0.0001,neutral,1,8,9
bols,0.0001,neutral,5,63,68
objet,0.0001,neutral,1,7,8
shot,0.0001,neutral,1,5,6
desprepar,0.0001,neutral,2,12,14
monitor,0.0001,neutral,1,8,9
recom,0.0001,neutral,1,10,11
sobreviv,0.0001,neutral,1,14,15
short,0.0001,neutral,2,13,15
recrut,0.0001,neutral,1,5,6
pagin,0.0001,neutral,1,9,10
surre,0.0001,neutral,1,11,12
milagr,0.0001,neutral,1,6,7
cumpr,0.0001,neutral,3,42,45
conform,0.0001,neutral,1,12,13
grac,0.0001,neutral,2,18,20
cúmul,0.0001,neutral,1,15,16
fich,0.0001,neutral,1,10,11
ressec,0.0001,neutral,1,4,5
justific,0.0001,neutral,3,32,35
disting,0.0001,neutral,1,7,8
adquir,0.0001,neutral,1,7,8
lourenç,0.0001,neutral,1,7,8
coniv,0.0001,neutral,1,9,10
internet,0.0001,neutral,12,164,176
rasg,0.0001,neutral,2,24,26
florest,0.0001,neutral,1,7,8
cent,0.0001,neutral,1,6,7
economic,0.0001,neutral,1,5,6
confiss,0.0001,neutral,1,7,8
question,0.0001,neutral,2,23,25
introduz,0.0001,neutral,1,7,8
orelh,0.0001,neutral,1,16,17
ofens,0.0001,neutral,3,29,32
dobr,0.0001,neutral,2,16,18
googl,0.0001,neutral,2,22,24
heranç,0.0001,neutral,1,5,6
story,0.0001,neutral,1,10,11
mult,0.0001,neutral,2,22,24
desmascar,0.0001,neutral,1,10,11
tirad,0.0001,neutral,1,5,6
pesadel,0.0001,neutral,2,16,18
suspeit,0.0001,neutral,2,23,25
gerent,0.0001,neutral,1,5,6
element,0.0001,neutral,1,8,9
frustr,0.0001,neutral,1,9,10
playlist,0.0001,neutral,1,13,14
bisavó,0.0001,neutral,1,4,5
emprest,0.0001,neutral,2,18,20
catól,0.0001,neutral,2,17,19
salari,0.0001,neutral,1,5,6
protagon,0.0001,neutral,1,13,14
forc,0.0001,neutral,1,8,9
mencion,0.0001,neutral,1,4,5
emit,0.0001,neutral,1,6,7
teim,0.0001,neutral,1,7,8
batist,0.0001,neutral,1,8,9
neném,0.0001,neutral,1,15,16
abacax,0.0001,neutral,1,6,7
catrac,0.0001,neutral,2,12,14
desastr,0.0001,neutral,1,13,14
frald,0.0001,neutral,1,4,5
reprov,0.0001,neutral,1,9,10
duel,0.0001,neutral,1,9,10
indígen,0.0001,neutral,2,18,20
colôn,0.0001,neutral,1,6,7
rapid,0.0001,neutral,2,27,29
rend,0.0001,neutral,3,30,33
calún,0.0001,neutral,2,13,15
rsrsr,0.0001,neutral,2,16,18
odei,0.0001,neutral,10,137,147
profission,0.0001,neutral,1,5,6
tecnolog,0.0001,neutral,1,15,16
nega,0.0001,neutral,1,7,8
refr,0.0001,neutral,1,7,8
desert,0.0001,neutral,1,10,11
circ,0.0001,neutral,2,14,16
geni,0.0001,neutral,1,6,7
olav,0.0001,neutral,1,11,12
shor,0.0001,neutral,1,4,5
socorr,0.0001,neutral,3,38,41
amanhã,0.0001,neutral,9,116,125
choc,0.0001,neutral,3,37,40
modern,0.0001,neutral,2,25,27
limp,0.0001,neutral,6,72,78
descont,0.0001,neutral,2,14,16
biscoit,0.0001,neutral,2,28,30
sele,0.0001,neutral,2,12,14
títul,0.0001,neutral,4,50,54
claud,0.0001,neutral,1,4,5
hambúrgu,0.0001,neutral,1,4,5
caridad,0.0001,neutral,1,9,10
ingrat,0.0001,neutral,1,8,9
gener,0.0001,neutral,2,16,18
ingl,0.0001,neutral,4,40,44
quint,0.0001,neutral,2,15,17
eficaz,0.0001,neutral,1,12,13
cuec,0.0001,neutral,1,12,13
brox,0.0001,neutral,1,4,5
setembr,0.0001,neutral,1,12,13
matemá,0.0001,neutral,1,7,8
reche,0.0001,neutral,1,4,5
amoo,0.0001,neutral,2,16,18
pertin,0.0001,neutral,1,4,5
paraís,0.0001,neutral,1,12,13
poet,0.0001,neutral,1,6,7
chacot,0.0001,neutral,1,10,11
vici,0.0001,neutral,2,26,28
august,0.0001,neutral,1,6,7
guaran,0.0001,neutral,2,12,14
ensai,0.0001,neutral,1,7,8
ston,0.0001,neutral,1,5,6
bagunç,0.0001,neutral,1,14,15
cobert,0.0001,neutral,2,19,21
problemá,0.0001,neutral,1,6,7
estratég,0.0001,neutral,1,10,11
relat,0.0001,neutral,1,16,17
peleg,0.0001,neutral,1,6,7
sincer,0.0001,neutral,2,29,31
exat,0.0001,neutral,7,87,94
vítim,0.0001,neutral,2,25,27
alter,0.0001,neutral,1,8,9
ruiv,0.0001,neutral,1,7,8
rádi,0.0001,neutral,2,27,29
greg,0.0001,neutral,2,14,16
lavajat,0.0001,neutral,1,6,7
pascho,0.0001,neutral,1,4,5
produ,0.0001,neutral,1,12,13
incapaz,0.0001,neutral,1,6,7
manu,0.0001,neutral,2,23,25
repud,0.0001,neutral,1,4,5
quartel,0.0001,neutral,1,6,7
destitu,0.0001,neutral,1,4,5
churrasc,0.0001,neutral,3,37,40
result,0.0001,neutral,4,52,56
bardamerd,0.0001,neutral,1,5,6
vier,0.0001,neutral,2,14,16
dificuldad,0.0001,neutral,2,19,21
amazon,0.0001,neutral,1,7,8
parágraf,0.0001,neutral,1,4,5
goxt,0.0001,neutral,1,5,6
honr,0.0001,neutral,5,64,69
agit,0.0001,neutral,1,6,7
repens,0.0001,neutral,1,4,5
pisc,0.0001,neutral,2,15,17
carolin,0.0001,neutral,1,16,17
sécul,0.0001,neutral,1,16,17
surpreend,0.0001,neutral,2,15,17
garot,0.0001,neutral,18,244,262
pared,0.0001,neutral,2,20,22
indiret,0.0001,neutral,2,29,31
diminu,0.0001,neutral,3,35,38
convém,0.0001,neutral,1,8,9
desc,0.0001,neutral,5,63,68
bairr,0.0001,neutral,2,20,22
maraton,0.0001,neutral,1,9,10
gêni,0.0001,neutral,2,20,22
redor,0.0001,neutral,1,12,13
divin,0.0001,neutral,1,12,13
correi,0.0001,neutral,1,9,10
preven,0.0001,neutral,1,7,8
vírgul,0.0001,neutral,1,5,6
lgbt,0.0001,neutral,2,14,16
atropel,0.0001,neutral,1,9,10
nojoooo,0.0001,neutral,1,4,5
feder,0.0001,neutral,2,13,15
tinh,0.0001,neutral,1,12,13
pont,0.0001,neutral,10,139,149
paran,0.0001,neutral,1,10,11
alem,0.0001,neutral,3,33,36
concorr,0.0001,neutral,2,20,22
adicion,0.0001,neutral,1,11,12
levant,0.0001,neutral,4,53,57
restaurant,0.0001,neutral,2,14,16
liter,0.0001,neutral,2,21,23
compreens,0.0001,neutral,1,10,11
mant,0.0001,neutral,5,53,58
sacrific,0.0001,neutral,1,8,9
poss,0.0001,neutral,20,260,280
deslig,0.0001,neutral,2,25,27
arqu,0.0001,neutral,1,7,8
cresç,0.0001,neutral,1,4,5
ônibu,0.0001,neutral,4,40,44
poup,0.0001,neutral,1,12,13
toqu,0.0001,neutral,1,6,7
incendi,0.0001,neutral,1,4,5
júli,0.0001,neutral,1,10,11
cblol,0.0001,neutral,2,16,18
favel,0.0001,neutral,1,13,14
trox,0.0001,neutral,3,35,38
moren,0.0001,neutral,2,28,30
segred,0.0001,neutral,1,16,17
detest,0.0001,neutral,2,19,21
trab,0.0001,neutral,1,7,8
propriedad,0.0001,neutral,1,7,8
barbi,0.0001,neutral,1,5,6
demoni,0.0001,neutral,1,4,5
benefici,0.0001,neutral,2,15,17
corre,0.0001,neutral,1,11,12
divirt,0.0001,neutral,1,6,7
aconteç,0.0001,neutral,1,6,7
encar,0.0001,neutral,1,8,9
registr,0.0001,neutral,2,16,18
calc,0.0001,neutral,3,30,33
cicl,0.0001,neutral,1,15,16
guerrilh,0.0001,neutral,1,8,9
resolv,0.0001,neutral,8,98,106
humilh,0.0001,neutral,3,27,30
quic,0.0001,neutral,1,8,9
qlqr,0.0001,neutral,1,7,8
indústr,0.0001,neutral,2,28,30
mendig,0.0001,neutral,2,12,14
instal,0.0001,neutral,1,6,7
diverg,0.0001,neutral,1,4,5
tributár,0.0001,neutral,1,6,7
jand,0.0001,neutral,1,6,7
quesit,0.0001,neutral,1,7,8
josé,0.0001,neutral,2,30,32
cinem,0.0001,neutral,2,25,27
hesit,0.0001,neutral,1,4,5
tranquil,0.0001,neutral,6,81,87
adqu,0.0001,neutral,1,7,8
hahahahah,0.0001,neutral,4,45,49
obrigatóri,0.0001,neutral,1,4,5
aéci,0.0001,neutral,1,11,12
ótim,0.0001,neutral,9,116,125
sort,0.0001,neutral,5,63,68
pertub,0.0001,neutral,1,6,7
malandr,0.0001,neutral,1,14,15
ajeit,0.0001,neutral,1,6,7
alun,0.0001,neutral,2,27,29
melh,0.0001,neutral,1,7,8
cium,0.0001,neutral,1,7,8
duvivi,0.0001,neutral,1,9,10
reinald,0.0001,neutral,2,26,28
evangel,0.0001,neutral,1,5,6
tarj,0.0001,neutral,1,5,6
sons,0.0001,neutral,1,13,14
farc,0.0001,neutral,1,8,9
estrang,0.0001,neutral,1,6,7
jornalec,0.0001,neutral,1,4,5
obvi,0.0001,neutral,1,11,12
cliqu,0.0001,neutral,1,9,10
rotul,0.0001,neutral,1,5,6
oprim,0.0001,neutral,1,6,7
ranc,0.0001,neutral,1,4,5
vent,0.0001,neutral,2,21,23
matrícul,0.0001,neutral,1,8,9
apetit,0.0001,neutral,1,5,6
kakakak,0.0001,neutral,1,15,16
xerec,0.0001,neutral,1,7,8
salg,0.0001,neutral,1,11,12
mistur,0.0001,neutral,2,18,20
marq,0.0001,neutral,2,13,15
univers,0.0001,neutral,2,25,27
barã,0.0001,neutral,1,6,7
férias,0.0001,neutral,2,17,19
colh,0.0001,neutral,2,23,25
infl,0.0001,neutral,1,7,8
http,0.0001,neutral,1,15,16
capt,0.0001,neutral,1,4,5
estamp,0.0001,neutral,1,7,8
recalc,0.0001,neutral,1,6,7
shopping,0.0001,neutral,3,30,33
praz,0.0001,neutral,4,41,45
surg,0.0001,neutral,2,22,24
marvel,0.0001,neutral,1,13,14
arranc,0.0001,neutral,1,10,11
trolandocomhumornegr,0.0001,neutral,1,5,6
ling,0.0001,neutral,1,4,5
moviment,0.0001,neutral,1,6,7
suicídi,0.0001,neutral,1,4,5
explod,0.0001,neutral,3,38,41
bendit,0.0001,neutral,1,8,9
control,0.0001,neutral,3,33,36
espec,0.0001,neutral,1,13,14
microfon,0.0001,neutral,1,5,6
depress,0.0001,neutral,3,33,36
cast,0.0001,neutral,1,7,8
submet,0.0001,neutral,1,4,5
fernand,0.0001,neutral,1,13,14
questa,0.0001,neutral,1,7,8
emoç,0.0001,neutral,1,15,16
taxist,0.0001,neutral,1,5,6
sexual,0.0001,neutral,1,9,10
engrav,0.0001,neutral,1,9,10
machuc,0.0001,neutral,2,19,21
fatur,0.0001,neutral,1,5,6
salafr,0.0001,neutral,1,4,5
lisbo,0.0001,neutral,3,37,40
abaf,0.0001,neutral,1,5,6
ahahahahah,0.0001,neutral,1,7,8
formig,0.0001,neutral,1,6,7
masc,0.0001,neutral,1,8,9
difam,0.0001,neutral,1,10,11
raquel,0.0001,neutral,1,14,15
grav,0.0001,neutral,5,68,73
tirotei,0.0001,neutral,1,4,5
advers,0.0001,neutral,2,15,17
conveni,0.0001,neutral,1,5,6
enigm,0.0001,neutral,1,5,6
instru,0.0001,neutral,1,4,5
chat,0.0001,neutral,28,371,399
lent,0.0001,neutral,1,9,10
racharlenhapret,0.0001,neutral,1,7,8
suspens,0.0001,neutral,1,7,8
cidadã,0.0001,neutral,1,6,7
context,0.0001,neutral,1,14,15
abomin,0.0001,neutral,1,7,8
dicion,0.0001,neutral,1,4,5
inaugur,0.0001,neutral,1,9,10
renov,0.0001,neutral,2,15,17
satur,0.0001,neutral,1,12,13
desacredit,0.0001,neutral,1,9,10
dissemin,0.0001,neutral,1,4,5
máquin,0.0001,neutral,1,11,12
impression,0.0001,neutral,3,37,40
vacin,0.0001,neutral,1,11,12
georg,0.0001,neutral,1,10,11
burac,0.0001,neutral,2,27,29
pmdb,0.0001,neutral,1,6,7
miss,0.0001,neutral,2,22,24
pesc,0.0001,neutral,1,4,5
world,0.0001,neutral,1,7,8
passiv,0.0001,neutral,1,14,15
harmon,0.0001,neutral,1,4,5
arthur,0.0001,neutral,2,16,18
bamb,0.0001,neutral,1,16,17
invert,0.0001,neutral,1,6,7
profiss,0.0001,neutral,3,30,33
anón,0.0001,neutral,1,5,6
castel,0.0001,neutral,1,10,11
onibu,0.0001,neutral,1,11,12
taokey,0.0001,neutral,1,5,6
advog,0.0001,neutral,4,45,49
direct,0.0001,neutral,1,9,10
manc,0.0001,neutral,1,8,9
român,0.0001,neutral,1,11,12
saudad,0.0001,neutral,14,176,190
astron,0.0001,neutral,1,14,15
cobranç,0.0001,neutral,1,9,10
absolv,0.0001,neutral,1,4,5
habit,0.0001,neutral,1,16,17
desafor,0.0001,neutral,1,5,6
font,0.0001,neutral,3,43,46
algem,0.0001,neutral,1,4,5
injustiç,0.0001,neutral,1,11,12
priva,0.0001,neutral,1,11,12
indi,0.0001,neutral,1,6,7
desenvolv,0.0001,neutral,3,33,36
palestr,0.0001,neutral,1,15,16
rúss,0.0001,neutral,1,11,12
apont,0.0001,neutral,2,16,18
centav,0.0001,neutral,1,16,17
fetich,0.0001,neutral,1,11,12
físic,0.0001,neutral,4,40,44
confus,0.0001,neutral,2,15,17
escrit,0.0001,neutral,3,38,41
telemó,0.0001,neutral,1,5,6
desm,0.0001,neutral,1,6,7
falh,0.0001,neutral,3,35,38
parç,0.0001,neutral,1,7,8
brot,0.0001,neutral,2,30,32
convoc,0.0001,neutral,2,12,14
crei,0.0001,neutral,2,21,23
ilusã,0.0001,neutral,1,13,14
debaix,0.0001,neutral,1,10,11
proíb,0.0001,neutral,1,11,12
desmor,0.0001,neutral,1,4,5
decepcion,0.0001,neutral,1,16,17
mana,0.0001,neutral,2,14,16
breg,0.0001,neutral,1,11,12
said,0.0001,neutral,1,4,5
descr,0.0001,neutral,1,5,6
invent,0.0001,neutral,6,71,77
revert,0.0001,neutral,1,10,11
rachel,0.0001,neutral,1,13,14
alcoól,0.0001,neutral,1,9,10
exalt,0.0001,neutral,1,11,12
aaah,0.0001,neutral,1,11,12
áudi,0.0001,neutral,3,32,35
reaç,0.0001,neutral,2,28,30
minion,0.0001,neutral,1,4,5
tênu,0.0001,neutral,1,4,5
gerald,0.0001,neutral,1,5,6
denunc,0.0001,neutral,1,8,9
cançã,0.0001,neutral,1,6,7
refuge,0.0001,neutral,1,4,5
fibr,0.0001,neutral,1,7,8
mosc,0.0001,neutral,2,12,14
punhet,0.0001,neutral,2,12,14
hahhahah,0.0001,neutral,1,4,5
joel,0.0001,neutral,1,5,6
appl,0.0001,neutral,1,11,12
clandestin,0.0001,neutral,1,6,7
aleg,0.0001,neutral,1,5,6
sinôn,0.0001,neutral,1,9,10
rock,0.0001,neutral,3,27,30
deriv,0.0001,neutral,1,5,6
faculdad,0.0001,neutral,2,28,30
talv,0.0001,neutral,5,61,66
ilumin,0.0001,neutral,1,11,12
